Fractal Dimension,Gabor Feature 3,Mean GR,Max GR,Min GR,Mean Hue,Gabor Feature 15,Gabor Feature 16,Max CAI,Gabor Feature 13,Gabor Feature 14,Species,Health Cluster
1.7933645866791568,73.741005,1.1220085805983206,1.838709084287392,0.6296293964335569,54.73731724594671,26.838526,28.93888,0.06666666666666667,36.525635,29.314835,1,2
1.7322561832917616,154.8681,1.0314610293172675,1.7297292622353344,0.36363633820724905,68.2988328800107,25.221203,19.200066,0.09090909090909093,26.348915,30.980423,1,2
1.8089491871871481,327.40256,1.4973042488802315,2.349999412500147,0.43749995442708806,61.28573025622333,44.770485,19.380325,0.1702127659574468,10.839167,21.612694,1,1
1.742554372470486,152.7343,1.0229580170144577,1.7941171193773178,0.3766233521673148,67.21388336994004,30.12709,23.251104,0.1282051282051282,30.829412,34.6958,1,0
1.726070073183306,227.22966,1.1389467525492434,1.8518515089163872,0.3115941803192623,46.01283000618166,22.697569,15.660233,0.2,11.506169,16.316944,1,2
1.7237485888073265,224.18117,1.1434027632952357,1.9473679085873923,0.3153845911242622,45.053382251992005,24.829273,16.964285,0.14285714285714288,11.148009,14.683663,1,2
1.6907913552011347,125.12363,1.1132058372781426,1.8620683234247162,0.499999895833355,52.88659428802112,17.440166,16.799646,0.1724137931034483,18.018003,17.717398,1,2
1.815412171985855,156.78465,1.1492593231196586,1.9999991666670138,0.36263732278710736,52.84268830833174,21.974125,23.352785,0.17948717948717946,20.501991,26.026299,1,2
1.8046590734461323,156.05981,1.1407954902402813,1.911764143598781,0.34090905216942585,52.16793447621146,23.904951,30.162127,0.1,29.919844,32.31839,1,2
1.7527542075738676,149.75642,1.1577601869318759,1.6829264187984343,0.3854166265191014,52.41763693644861,32.569866,20.379602,0.11111111111111112,20.121185,30.137995,1,2
1.7602518567368315,135.24309,1.146798642937581,1.7017540874115635,0.3975903135433357,53.243299089179516,28.857859,19.495731,0.1,21.47328,32.32693,1,2
1.7852454017770822,159.23409,1.1753287096754765,2.1666630555615742,0.41095884781385644,60.60995647882268,43.938835,34.842415,0.18518518518518517,40.119377,41.905064,1,0
1.7458553982149798,87.13765,1.2072473344279482,1.7777772839507544,0.471999962240003,67.76268680804628,34.370785,39.05961,0.1875,48.259495,35.906387,1,0
1.771296514535215,156.81622,1.1673025985800387,1.874999414062683,0.4237287417408912,59.71781777836173,48.27767,37.18879,0.18518518518518517,45.326397,43.50252,1,0
1.7140934289731466,106.63168,1.1846068621243906,2.8888856790159125,0.457142791836744,56.68025690357628,29.469183,32.692684,0.2,43.975212,64.04496,1,0
1.802628022405813,69.57228,1.1217928745400703,1.7999994000002,0.6315787811634785,54.38579583242515,23.980837,27.648731,0.07692307692307693,36.866005,27.841848,1,2
1.8224754811905928,135.52045,1.449700963955845,2.3714278938777444,0.39325838277995695,54.77775472394078,21.36435,12.204647,0.11920529801324499,6.110979,9.497235,1,1
1.8535892494631976,175.91386,1.2615636476803878,1.9387751145356908,0.42156858612072684,44.65283925467644,23.76532,14.354093,0.12757201646090532,7.5246725,16.390734,1,2
1.8172008519667604,87.117775,1.1594216669216217,1.8421049399815894,0.6538459023669606,46.543131982518204,8.02323,7.1630144,0.11363636363636363,4.8703604,6.81811,1,2
1.7688793889358516,178.35384,1.2592530163837592,2.256409677843672,0.544117607050176,36.7716182116929,15.744018,13.558525,0.08695652173913043,12.801794,21.020424,1,2
1.8110236898542962,161.17737,1.4194935040315797,2.339622200071283,0.43902433670434915,61.324229862124085,17.81837,9.864332,0.18709677419354834,8.831382,13.6193495,1,1
1.813825744240513,91.97775,1.4840975403725527,2.4285709329447074,0.46938772317090316,51.58545603283984,6.888126,8.5784855,0.1091954022988506,12.190993,5.984002,1,1
1.831025660581568,176.37027,1.3433464593541644,4.057141697959515,0.34814812235939835,48.07783708901296,13.830024,12.887661,0.3805309734513274,8.858652,12.109049,1,1
1.7835557114242415,90.09713,1.2060009223688228,1.7692294082850706,0.5079364676240898,67.90850164488134,37.55391,38.117706,0.17948717948717946,50.444405,35.738758,1,0
1.7824722618110826,155.52882,1.3798567260676504,2.35416617621538,0.44604313337819185,58.698894184285386,39.86336,21.499214,0.13043478260869568,16.461,22.773834,1,1
1.828724401036025,87.47108,1.3299840021988636,2.2413789239001853,0.36893200301631035,37.77462848392379,12.593757,7.664563,0.17647058823529405,7.979452,13.162909,1,2
1.8477138705752003,212.20462,1.2282800497164656,2.9047605215426087,0.42748088339840584,56.51720549771138,31.719065,21.060238,0.4878048780487804,15.542173,25.003994,1,1
1.8389070931750453,217.29689,1.5426159700705733,2.9285693367361882,0.7043477648393248,52.82757840166478,38.215477,12.440876,0.15923566878980888,4.979839,9.924284,1,1
1.754293821331593,134.25923,1.3651622456901122,2.0681813481406026,0.5507245977735798,66.19290996708192,10.684875,11.549033,0.2830188679245283,6.6075993,8.6668005,1,1
1.8599224661606748,89.29589,1.4851615718216182,2.268292129684846,0.33613442553492223,49.26483130180127,12.540414,7.7679114,0.25,5.4833984,6.0337143,1,1
1.8740634128722133,187.19476,1.2517278348964982,2.1428561224494653,0.6511627402199426,41.5585679651545,12.19469,7.9908104,0.18518518518518517,3.2809684,6.426079,1,2
1.8412552575657533,131.61292,1.5889451722634267,2.3448267776459386,0.7812498779297066,50.418125313912604,10.480905,7.285302,0.23170731707317072,5.005992,7.5483694,1,1
1.7878680184471074,289.71402,1.4023536619563344,2.0869560680530284,0.46153841081995484,53.02172900571811,95.22077,22.188406,0.19327731092436978,10.503286,26.878782,1,0
1.8056504997761853,258.4435,1.4338977340665071,2.7499992361113232,0.3606557081429747,52.43115454392878,26.285881,17.929096,0.16901408450704225,6.314124,19.358328,1,1
1.8338350817943927,153.42717,1.137796453987514,2.133331911112059,0.6089743199375436,48.26500976888335,33.119385,26.316303,0.21951219512195125,29.531311,26.86658,1,2
1.8353219402266516,224.64697,1.3316899548750685,2.063829348121415,0.5840707447725004,56.99506077645467,20.603844,10.250652,0.10869565217391303,8.265784,30.266977,1,1
1.8282137499620739,195.09688,1.4694828659032786,2.074626556025887,0.5950412731370849,56.15962688258262,19.04354,10.376553,0.14074074074074072,6.2516303,24.065262,1,1
1.8234936001620523,99.7757,1.4073606051198728,2.4687492285158656,0.2916666362847254,54.2425606257991,16.921465,10.926146,0.1638418079096045,4.4298778,7.7684584,1,1
1.7949776141306184,149.09999,1.4796487732634336,2.5135128341857205,0.5816325937109598,53.919577495645115,24.004671,9.457693,0.1769230769230769,7.165929,10.73736,1,1
1.8267521114931542,114.11514,1.5205066375723157,2.6585359369424544,0.4301675737336551,58.38605116422305,6.8674088,5.5194583,0.3333333333333333,4.062822,9.791207,1,1
1.8882288787490655,98.11777,1.4813643080439065,2.2093018117902763,0.5135134441198048,48.559814926590995,14.125356,9.580391,0.22891566265060245,7.148056,14.0575075,1,1
1.8296166487891412,170.36879,1.4669109193999494,2.624996718754102,0.6976743374797282,50.947838415753836,25.523142,20.286062,0.19780219780219782,6.4644012,9.0507345,1,1
1.8506939726470113,154.05681,1.3964191196339428,1.9302321092483465,0.430232508112499,49.27816711111111,18.398928,8.514791,0.11111111111111109,4.9625635,10.678536,1,2
1.8440274388010205,234.09692,1.3274775673381398,1.9999991666670138,0.40540535062089855,51.42810669409292,14.699757,21.632135,0.16666666666666666,8.654199,10.097665,1,1
1.7740084680057164,158.79997,1.4169438911876364,1.879310020808617,0.39199996864000247,53.42016225119148,11.25281,9.211621,0.12442396313364056,5.277941,10.284174,1,1
1.818023658768221,132.63971,1.1331920990440003,1.7272724132231976,0.6212120741506004,48.06411371618106,26.006596,23.754776,0.20930232558139533,27.656559,24.356853,1,2
1.7912254659981017,253.37497,1.2984782098192493,2.5714248979644316,0.36486484021183513,58.48143330946152,18.556013,7.6539974,0.25,5.806583,29.144892,1,1
1.8921794166974377,165.4553,1.3670197731506177,2.4285702721093942,0.6363635785124019,57.25358720936703,13.91708,15.43422,0.2768361581920904,13.99276,14.482608,1,1
1.769003294707272,150.22319,1.4063306278413685,2.0937493457033294,0.4201183183361942,51.359179346250734,8.532117,7.629989,0.13333333333333333,3.6286788,7.7761273,1,1
1.808279320307816,79.09297,1.3402673258579554,1.936169800814936,0.7172413298454255,57.20571323438476,7.208563,5.526814,0.19431279620853087,6.6335583,7.632882,1,1
1.8593940996768648,125.25126,1.2190577853036237,1.8235290542099893,0.35964909125885164,40.36921963734452,6.672595,5.0137277,0.14893617021276595,3.3708978,5.7031074,1,2
1.8602565575126764,271.25708,1.1695477938776866,2.0999979000021,0.5789472922437773,40.298533566386666,31.125103,13.810726,0.26666666666666666,6.583932,19.801704,1,2
1.8367960138537456,212.42786,1.1698473611370486,1.8518511659810497,0.2874999640625045,45.427284006505374,33.554836,35.82172,0.10344827586206899,20.81304,22.864887,1,2
1.7651706435462209,70.84836,1.3251010125165703,1.9024385603808387,0.6134453266012331,43.547576034663415,10.278955,6.853214,0.05167173252279634,4.227033,7.2264214,1,2
1.7058356982135987,57.887096,1.2157180334979125,1.9642850127553526,0.6122448354852208,70.93783606694868,15.099353,15.617966,0.12000000000000002,18.81332,15.578842,1,1
1.7167948179499195,59.788414,1.213159921658787,1.9999994285715916,0.5859374542236364,71.19957217667343,16.416199,18.729597,0.15151515151515152,23.09104,18.770067,1,1
1.6808892743751338,311.6808,1.159750881318831,1.9999993548389179,0.4999999553571468,52.01532032258606,69.990776,55.009335,0.3076923076923077,50.452393,44.727802,1,0
1.8262520027843256,193.55217,1.148566629996667,2.047618072562823,0.5611110799382734,62.253269453246816,32.724945,30.447275,0.09523809523809523,29.58502,33.038483,1,0
1.8038630088352132,197.1929,1.1315702357831003,2.045453615702902,0.543859617318151,64.52090249484432,38.211224,33.93445,0.13043478260869565,32.871998,38.332443,1,0
1.7877694091569012,203.29613,1.1218521964739958,2.263156703601735,0.5389610039635712,64.71979493262691,43.707085,43.950455,0.15151515151515152,36.409973,37.299847,1,0
1.826650520773995,106.28274,0.9943053572083856,1.7321425478316879,0.46913574455114265,96.72198511669191,19.94348,20.987278,0.030303030303030276,23.195728,20.881496,1,2
1.8204716409967783,109.65014,0.991949396267735,1.7799996440000712,0.4556961448485892,97.17178461847996,21.673206,24.261389,0.02950819672131146,27.328625,24.446938,1,2
1.8379731585127521,132.86008,1.1769758708830265,1.6101692186153866,0.5979380826867956,59.221553634071796,23.117868,15.6603565,0.042183622828784115,14.489685,16.865278,1,2
1.8467685472697346,125.698204,1.1770851497337822,1.6724135047562922,0.4961239925485277,56.25745448293588,32.79684,25.362291,0.043083900226757406,26.561007,26.622328,1,2
1.7992051512337046,232.12291,1.192616008407905,2.4444417283980795,0.40322574141520295,58.07401476515141,35.291477,34.00329,0.17073170731707318,32.473583,38.27933,1,0
1.7702817397422885,180.71118,1.211530174002575,2.1874993164064636,0.434782545683689,86.24297860595371,42.93313,34.252407,0.1428571428571428,34.451027,32.446636,1,0
1.7936255063113808,192.84575,1.2143116797195663,2.0298504433059037,0.4210525761772926,82.2194481725503,38.00953,28.999735,0.1320754716981132,29.46647,30.842321,1,0
1.6681243486816957,322.18533,1.1598513208374859,3.2499918750203127,0.4653464885795556,52.07017361914411,72.01323,55.120102,0.42857142857142855,48.209293,44.832848,1,0
1.714330605558905,109.39844,1.185640817765365,2.999995714291837,0.472972909057715,58.95387299456592,28.686388,31.022392,0.21739130434782608,42.93487,63.530968,1,0
1.7752911742546356,320.2668,1.3314542641725384,2.0540534989044597,0.44642853156888107,56.93204470742932,99.60524,30.996225,0.15789473684210525,29.696095,81.1899,1,0
1.7999685111871766,279.31555,1.278691248763346,1.9076920142012286,0.6969694857668224,51.39162169723406,16.932823,10.652262,0.14285714285714285,7.4690404,10.139966,1,2
1.875883443847717,223.2673,1.315459985618679,1.9782604395085999,0.6461537964497079,49.858858471796076,31.758614,25.05693,0.1067961165048544,6.0258713,13.7559395,1,2
1.891680512882245,148.41129,1.4230516559784645,2.2499995673077753,0.5974025586102234,53.30652201022571,12.093249,14.4914255,0.1452282157676348,6.004939,6.3689594,1,1
1.8448983890131145,204.07361,1.3548810288384243,2.1320750694197983,0.6796115845037296,61.25193438665789,22.367756,8.871266,0.15887850467289716,4.9495273,10.320707,1,1
1.7857944399618972,194.9722,1.2913347482571236,2.1489357129924014,0.5942028554925467,36.192383790058415,18.102879,16.859621,0.08085106382978724,6.1363497,12.049349,1,2
1.8047799282039962,178.33443,1.4611717197930991,2.365384160503046,0.6306305738170654,57.088265156684386,13.145127,6.616275,0.15625000000000003,4.0200505,8.52677,1,1
1.829667723708971,86.67703,1.3315185476379305,1.9397588024386985,0.6548671986843186,60.505013928180446,7.976175,4.3830523,0.10144927536231889,3.5641973,5.2959566,1,2
1.7889418001325363,233.08461,1.202573252867546,1.9876540755982621,0.5217390737240137,30.658828243850593,37.409977,21.283237,0.06666666666666668,10.464797,18.290644,1,2
1.8167449977812993,106.09687,1.1160496756808176,1.8846146597635924,0.31481478566529764,64.68434065218752,18.589737,18.140907,0.06796116504854371,19.161945,18.624418,1,2
1.7457449109924423,162.7917,1.2864761793781643,2.0862065368609417,0.5949366335523248,50.48600352653846,40.19947,23.069292,0.11392405063291146,14.672742,17.755688,1,1
1.7890013388409722,290.69577,1.3304363325384483,2.090908774104731,0.5030302725436199,43.39069471761197,78.83732,35.50391,0.1627906976744186,10.181798,30.580738,1,0
1.8148538577768096,206.42638,1.2846264503930387,2.1399995720000855,0.5781249096679828,42.23367235310542,50.20956,20.594692,0.0857142857142857,14.5161,22.56854,1,2
1.7806682512625271,135.18,1.4042539148044972,2.33333277777791,0.5688072872653864,50.10257260000425,30.24759,16.9078,0.15789473684210528,15.521013,36.754227,1,1
1.7990893760083149,216.00565,1.318192818037568,1.854545117355433,0.3837208856138505,42.241529887740285,30.51894,16.51302,0.11999999999999995,10.38585,20.44432,1,2
1.8522064365055444,187.00761,1.358677084921396,1.817072949137445,0.3951612584547372,49.770352107137434,12.374893,6.7992344,0.12280701754385966,3.6119862,8.729745,1,2
1.875497993584797,210.00002,1.3533449343678763,2.0192303809172345,0.6521738657845024,46.630055248199504,12.664542,11.747681,0.10857142857142851,4.074344,8.286568,1,2
1.8309175294592206,191.79604,1.4160744392047773,2.1714279510205854,0.5238094822373427,50.26651400231527,57.11764,29.348778,0.07482993197278914,19.549623,51.40378,1,0
1.8306338569385183,230.10509,1.2238785512017611,1.8888883641976764,0.5730993816900947,50.15824634330571,22.823046,14.860077,0.0985915492957747,8.663711,12.259359,1,2
1.8208291405062715,217.18446,1.2562983477630274,2.1764699480970737,0.6756756148039986,50.97716971336531,27.349407,16.987112,0.11999999999999995,6.799361,10.421428,1,2
1.8243840406848149,129.18481,1.0979802405164032,1.939393351698984,0.6037734709861375,70.12197855015118,18.216928,18.724045,0.0847457627118644,22.362139,20.54614,1,2
1.8833201929860937,432.05923,1.3575573222298074,2.2187493066408415,0.4741378901605267,46.799413142422914,115.825226,39.012775,0.15294117647058825,12.894307,57.03045,1,0
1.8523680695561913,184.3571,1.373865645171751,1.911764143598781,0.38167936017714804,49.44643293760956,11.873816,8.295937,0.07774798927613935,4.1503105,10.072164,1,2
1.8304107716442022,103.362305,1.2819199708832265,2.1698109113564317,0.7051281147271647,41.32376570638886,8.422979,8.5004835,0.10726643598615919,4.630117,5.9382486,1,2
1.818402506023,141.19244,1.2969636161837779,1.7887321424320926,0.5416666102430614,42.73327237965101,7.602778,8.820782,0.09154929577464786,3.8015409,5.7331123,1,2
1.821810719463252,333.0817,1.3013885295412966,1.9387751145356908,0.5348836794663814,47.03321753729362,55.5074,28.150208,0.10891089108910887,14.139759,38.065575,1,0
1.805073401426728,315.60187,1.1841659731779828,1.7678568271684236,0.3982300532539776,39.883292492225586,27.37173,25.24421,0.11111111111111112,10.941098,24.320723,1,2
1.8174156093549199,155.23009,1.2272970346785572,1.805969879705988,0.532258021592095,39.859650782842884,9.66977,6.819182,0.04477611940298513,4.768714,9.227059,1,2
1.80958490311099,98.25033,1.1824522222047613,1.7301584555304037,0.282352924567475,34.86465441028254,7.1757216,5.8507967,0.04607046070460704,4.3633413,9.674065,1,2
1.8428960509666328,203.93794,1.2166530220249394,1.8181812672177977,0.442622926632627,35.88096046476535,30.755577,27.521584,0.007518796992481177,13.136415,24.430824,1,2
1.8553096893861234,133.64177,1.2535141257339233,1.774193262226893,0.4395604154087684,40.16622443664809,13.490336,10.875821,0.012738853503184757,6.6057167,22.628622,1,2
1.7517285697879827,176.5715,1.329629703435306,2.08333275462979,0.8363634842975483,67.83534923419344,32.451008,40.28211,0.2615384615384616,42.612514,39.43259,0,0
1.7792869776480011,141.41223,1.1951045307711423,1.8620686444709234,0.8785045907939635,44.929132243096426,29.210253,36.879147,0.1627906976744186,37.603176,35.477383,0,0
1.7636751599356004,179.64153,1.2192056027157125,1.8163261599334366,0.7797618583475084,56.942864830900106,28.027077,33.71214,0.22480620155038764,26.194014,25.473711,0,0
1.800003858147472,106.61235,1.185046917399719,1.644736625692549,0.8653845321745642,44.86439193203266,45.924477,55.36797,0.08974358974358969,67.013405,49.501884,0,0
1.7831774247766663,109.14822,1.1900817332221765,1.649350435149294,0.8640775860118848,44.409424451250636,50.371174,56.196438,0.09333333333333338,63.32688,49.944267,0,0
1.7157401720397099,108.25527,1.283179476497978,1.8461534911243285,0.8135592760700974,69.07931227070395,46.885143,49.562416,0.27058823529411763,60.0562,48.43681,0,0
1.739434278742327,117.07621,1.2825431103448508,1.7959180008330609,0.8135592760700974,68.39623633947147,37.299496,40.814175,0.2727272727272727,55.163197,39.80055,0,0
1.6908359520658525,250.84067,1.2049376561090523,2.210525152355183,0.48837197944837685,83.29407061890844,72.95429,65.786514,0.3207547169811321,63.681652,80.2772,0,0
1.765870335200902,285.45294,1.2237453068602506,2.1739120982990876,0.3055554706790359,79.03984341969918,81.73049,72.16077,0.34883720930232553,67.64026,88.464455,0,0
1.746229783314199,255.41733,1.2546584120072501,2.1249986718758302,0.6568626806997372,61.68841243607975,55.65179,65.63839,0.24378109452736318,71.05077,63.56343,0,0
1.7395603689901833,225.57544,1.2506199167681131,2.727270247936138,0.6226414506942027,61.57970735420805,58.98248,68.35687,0.24324324324324326,78.281654,66.98853,0,0
1.7683789824934524,168.47429,1.2023173146148491,1.7377046331631747,0.886524759820939,45.49746813321246,33.872765,41.05876,0.14285714285714285,41.26596,39.43164,0,0
1.7253631058614163,239.47586,1.2538733893417913,1.965516563614978,0.6261681657786761,61.51846227498888,53.847183,63.99796,0.25999999999999995,74.83625,62.796486,0,0
1.804608012098626,173.18802,1.109889021189836,1.575757337006464,0.7162790364521379,58.756575343835515,22.294973,20.909874,0.16190476190476194,20.286165,20.743635,0,2
1.8002262281318364,168.04587,1.113377979418495,1.608694952741325,0.7028301555268794,58.89250533592151,22.91001,20.69858,0.17647058823529413,19.947086,20.521774,0,2
1.7690744073791482,152.11937,1.1148706592068824,1.6956514366732884,0.7401960421472529,58.003595860123816,21.702795,20.648619,0.15384615384615383,19.221087,20.39689,0,0
1.7368509754373669,110.77231,1.2495024870954647,1.8780483224272382,0.6923076390532585,55.59516929737221,19.382498,23.819887,0.25217391304347825,35.13905,26.020609,0,0
1.707019873387287,104.931145,1.248429193869328,1.939393351698984,0.6929823953524215,55.15099477069183,22.386707,25.546766,0.25396825396825395,34.105328,27.657478,0,0
1.7383577502553154,94.64079,1.2046057183000667,1.9599992160003137,0.7222218209878772,59.767592323047495,20.005667,20.210148,0.32432432432432434,24.030344,23.748726,0,0
1.7554546730408478,98.53614,1.199028172068051,2.047618072562823,0.6666662222225186,59.88492472802513,22.443682,22.13404,0.2941176470588236,24.663965,25.955883,0,0
1.7412687166526053,99.862114,1.198607689972011,1.9090900413227085,0.7619043990931433,59.52066223671162,19.012589,17.243309,0.31958762886597936,20.669203,21.092731,0,0
1.769619869873814,103.0599,1.1971066498922183,2.047618072562823,0.6666662222225186,59.443815629873505,22.724379,22.34376,0.2941176470588236,24.867723,26.390274,0,0
1.823325504067071,97.60709,1.172911515157585,1.6470583391004883,0.8145160633454788,46.48508439669156,45.209423,53.68642,0.09803921568627454,61.195454,48.168346,0,0
1.7557059409131452,87.67798,1.287213525612922,2.081080518626887,0.8455881731185166,58.274314810984826,32.168465,44.145515,0.3205128205128205,52.667976,37.40239,0,0
1.7451464651453228,92.43152,1.291234326360702,2.111110524691521,0.8588234283737143,57.68913780224644,34.08004,44.357456,0.36486486486486486,50.155148,36.971706,0,0
1.7522699824446528,88.31921,1.284545672015071,1.999999500000125,0.858155967506669,57.9721727538566,30.113346,38.042496,0.31360946745562135,48.185158,31.450476,0,0
1.7434881852926893,92.7542,1.2919934462680964,2.111110524691521,0.8588234283737143,57.684058897957485,34.124134,44.44353,0.36486486486486486,50.22611,37.020374,0,0
1.8444373717613436,83.871826,1.1622397562834619,1.892856804846999,0.7916665017361454,76.3123453207809,15.2566,17.07481,0.21126760563380287,19.044504,17.489614,0,1
1.8272279473647788,69.47968,1.146635826473983,1.9499995125001217,0.7755100458142763,78.61685505319149,18.564463,21.771534,0.2653061224489796,24.575119,21.967785,0,0
1.841374750941356,77.766655,1.1562455343835394,1.894736509695349,0.7826085255198857,77.66933321875135,20.247866,21.94122,0.2549019607843137,24.262938,22.06622,0,0
1.8389031139409702,83.57851,1.1648965943177712,2.0344820570751527,0.7857140051021411,75.58120284644332,15.84682,16.70264,0.19148936170212766,18.983505,17.041325,0,1
1.7746800259432811,182.50038,1.2215531159734583,1.9999993103450655,0.7747747049752518,62.9910413664507,39.521988,46.05195,0.288135593220339,52.54265,50.849487,0,0
1.7804338542339944,180.72989,1.2148266977252333,1.9444439043211375,0.7809523065759708,63.79400248129865,39.653316,45.369343,0.2918287937743191,54.712147,50.262287,0,0
1.7475336732717692,102.7272,1.2743517137540958,1.8599996280000743,0.8089887185961394,69.02440772596952,42.53608,48.69914,0.2717948717948718,59.152637,47.29741,0,0
1.786504083594206,182.22115,1.2168620795858482,1.918918400292324,0.760330515675164,63.651974687995704,40.95598,46.113945,0.2961373390557939,50.598312,50.994484,0,0
1.7711871845892229,196.25455,1.2220782760313686,1.8499995375001155,0.7768594399289719,62.78427344088426,35.013607,41.03712,0.2936170212765957,47.053223,46.246475,0,0
1.7743377125268969,143.96313,1.1437358669949207,1.6896545897742794,0.7716048906416734,56.08051422903792,19.737913,19.613955,0.15384615384615383,18.732649,18.223173,0,2
1.7872314769473179,147.75827,1.1449507061159052,1.733332755555748,0.7668711185968639,56.103763010347,25.248224,24.78747,0.15422885572139305,23.555958,23.278677,0,0
1.770165745765389,145.37997,1.1442189813945403,1.6999994333335222,0.7735848570072417,55.9804653062295,22.998293,22.8974,0.15151515151515152,23.404919,21.572117,0,0
1.7885564874724074,146.7527,1.1445068964952474,1.758620083234454,0.76543205151654,56.09234243030343,21.584558,19.941153,0.14503816793893134,19.855236,18.45198,0,2
1.728475054045267,180.85825,1.13504771865298,2.1999978000022002,0.4999998437500488,56.733574534102914,29.07967,25.70913,0.28205128205128205,19.0731,27.452156,0,0
1.74145584192356,215.50636,1.1309481061933668,1.9999983333347222,0.583333090277879,56.649154497214184,30.560686,24.368832,0.26666666666666666,18.06268,26.571413,0,0
1.7348055847889816,212.4625,1.1311901640994508,2.42856795918863,0.5595237429138401,56.75272407090666,33.622158,28.071312,0.2857142857142857,19.89268,30.137505,0,0
1.7434858492526444,210.98296,1.1305342921498,2.111108765434705,0.540540394448542,56.53079074051813,29.030897,23.607555,0.33333333333333337,16.434248,25.703392,0,0
1.772375348113041,277.8076,1.2292285521881037,2.157893601108631,0.5384613313610264,80.34680119603775,78.36268,70.578316,0.3333333333333333,67.140274,86.06915,0,0
1.8331307141038098,272.8812,1.2542071899979184,1.7812494433595487,0.7464114475401221,72.8198197242342,45.520103,38.752575,0.2753623188405797,36.22054,43.73564,0,0
1.8313873146833397,272.88123,1.2542071899979195,1.7812494433595487,0.7464114475401221,72.8198197242342,45.52013,38.752563,0.2753623188405797,36.22052,43.735638,0,0
1.8331307141038098,272.8812,1.2542071899979184,1.7812494433595487,0.7464114475401221,72.8198197242342,45.520103,38.752575,0.2753623188405797,36.22054,43.73564,0,0
1.8313873146833397,272.88123,1.2542071899979195,1.7812494433595487,0.7464114475401221,72.8198197242342,45.52013,38.752563,0.2753623188405797,36.22052,43.735638,0,0
1.7741760791719527,188.67365,1.2471057266342975,1.891303936673057,0.6341463027959572,54.89966325024521,41.96326,46.24022,0.2871287128712871,46.98041,50.55791,0,0
1.7819979019316974,188.67351,1.2471057266342984,1.891303936673057,0.6341463027959572,54.89966325024521,41.96329,46.240196,0.2871287128712871,46.980404,50.557888,0,0
1.7741760791719527,188.67365,1.2471057266342975,1.891303936673057,0.6341463027959572,54.89966325024521,41.96326,46.24022,0.2871287128712871,46.98041,50.55791,0,0
1.7819979019316974,188.67351,1.2471057266342984,1.891303936673057,0.6341463027959572,54.89966325024521,41.96329,46.240196,0.2871287128712871,46.980404,50.557888,0,0
1.760409570002523,123.09587,1.194880909686618,1.9999990909095042,0.7142852040819971,54.6366892777652,19.470337,18.163006,0.2755905511811023,18.15787,25.191433,0,1
1.7617772773436797,123.09588,1.1948809096866173,1.9999990909095042,0.7142852040819971,54.6366892777652,19.470345,18.163008,0.2755905511811023,18.157866,25.19145,0,1
1.7399511899896876,114.6951,1.2421849215827119,1.8823523875434152,0.6902654256402277,55.36756105541105,16.868618,20.947214,0.25190839694656486,30.259712,23.387478,0,0
1.760409570002523,123.09587,1.194880909686618,1.9999990909095042,0.7142852040819971,54.6366892777652,19.470337,18.163006,0.2755905511811023,18.15787,25.191433,0,1
1.7617772773436797,123.09588,1.1948809096866173,1.9999990909095042,0.7142852040819971,54.6366892777652,19.470345,18.163008,0.2755905511811023,18.157866,25.19145,0,1
1.7843283505519743,95.15249,1.1729754302683166,1.7307685650890134,0.8106059991965152,71.08469524530331,25.672064,30.384254,0.34640522875817,34.507053,29.470566,0,0
1.789115144528602,95.15239,1.1729754302683169,1.7307685650890134,0.8106059991965152,71.08469524530331,25.672062,30.384302,0.34640522875817,34.507072,29.470558,0,0
1.7843283505519743,95.15249,1.1729754302683166,1.7307685650890134,0.8106059991965152,71.08469524530331,25.672064,30.384254,0.34640522875817,34.507053,29.470566,0,0
1.789115144528602,95.15239,1.1729754302683169,1.7307685650890134,0.8106059991965152,71.08469524530331,25.672062,30.384302,0.34640522875817,34.507072,29.470558,0,0
1.8126006158739947,221.45123,1.501088772128077,2.5172405112963756,0.9733332035555728,66.66503776461731,45.69162,32.198395,0.36,29.798151,38.465885,0,0
1.794299967255968,216.34239,1.5023540137094418,2.3928562882656115,0.9629628440786612,66.69006111048625,30.758045,27.836506,0.36263736263736257,29.817148,33.668934,0,0
1.8073559429237385,199.45271,1.4943502669883106,2.6399989440004226,0.9182389359598153,67.0156600719594,30.443008,29.170052,0.36,29.476315,34.37709,0,0
1.8065752618851567,199.45285,1.4943502669883104,2.6399989440004226,0.9182389359598153,67.0156600719594,30.443005,29.17008,0.36,29.47633,34.37712,0,0
1.761822496557255,172.46318,1.2038747418889133,1.7192979439828167,0.8833332597222283,45.579820162649675,33.15799,39.889156,0.15112540192926036,41.624126,38.50203,0,0
1.7326536036116076,108.85493,1.2417915977350051,1.968749384765817,0.6890755723465906,55.050557102013414,18.84096,20.830097,0.25581395348837205,31.731894,23.28836,0,0
1.722421862818071,193.00652,1.236899411610679,1.7708329644097989,0.8299999170000083,56.10807526572341,27.122458,30.77233,0.17999999999999997,23.224371,22.267353,0,0
1.7111503074612762,201.4545,1.2420002180679595,1.8113204129584126,0.8086955818525581,56.62641728836359,32.55975,37.1265,0.18867924528301885,27.846098,27.512798,0,0
1.883814086712864,131.35713,1.1769343613701444,1.6249997098214803,0.37323941033525276,35.360004236861535,30.544226,26.01372,0.07142857142857141,20.522429,24.827885,2,2
1.8564030072331292,165.31801,1.37592707627315,2.769228639054893,0.5595237429138401,75.74483506159007,28.833109,20.99292,0.3953488372093023,14.162596,19.10714,2,1
1.8285189861984743,87.949005,1.4307480178723633,2.363635647383137,0.6708074117510924,68.09791825816734,23.18929,25.890104,0.36708860759493667,26.063265,27.773445,2,1
1.8384837211304268,87.94904,1.430748017872362,2.363635647383137,0.6708074117510924,68.09791825816734,23.189299,25.890097,0.36708860759493667,26.063257,27.773415,2,1
1.8641198606179346,92.18054,1.2196096904921254,1.5806449063475956,0.8132779745527812,39.60337761889693,23.199615,26.163172,-0.016129032258064516,22.853891,22.252722,2,2
1.828642299555403,81.52589,1.2296835078878088,1.646153592899447,0.8071427994898001,40.01312664253242,13.369063,16.90115,-0.009259259259259226,17.045462,14.447351,2,2
1.832274523536581,79.32316,1.226390327629094,1.5733331235555834,0.8106995551152446,40.05126820676977,14.257534,16.859102,0.010526315789473646,19.016264,16.38958,2,2
1.8852463829464599,76.39324,1.5169477332231147,3.363633305787904,0.5478260393194748,70.36803512147276,13.714542,27.446762,0.5111111111111112,21.562464,15.495134,2,1
1.8788454897569202,76.39326,1.5169477332231136,3.363633305787904,0.5478260393194748,70.36803512147276,13.714546,27.446756,0.5111111111111112,21.562464,15.495136,2,1
1.872589607813838,102.69813,1.1400064549559183,1.965516563614978,0.6458332660590348,32.04862859797042,10.940619,17.756207,0.032911392405063314,13.073145,18.36093,2,2
1.867205626106835,122.16817,1.142639704868396,1.838709084287392,0.608247359974499,32.10023831249057,16.846123,28.74,0.07692307692307693,23.412527,23.001787,2,2
1.8075438612298576,132.57056,1.1615351128823215,2.8399988640004543,0.683615780586679,39.3880952780153,21.63237,22.687597,0.11538461538461542,31.174372,32.231236,2,2
1.8657971453985391,56.46332,1.6181540617279946,2.714285160349967,0.7235771769449449,61.48193974774374,17.465197,21.261135,0.35,21.129719,21.071009,2,1
1.8689987838156668,56.290333,1.6158097414772576,2.70270197224271,0.7045454011708029,61.81030449715022,17.457378,21.249823,0.38461538461538464,21.14753,21.002121,2,1
1.8477579557279402,82.42783,1.294585873985571,1.7460314688838938,0.41584154298598586,41.83117729589571,16.386639,21.208185,0.039711191335740026,28.443321,23.325478,2,2
1.8652732016222062,106.36863,1.2166435079191622,1.6842102308403102,0.6862744425221134,49.46831114254379,11.98766,13.466639,0.13333333333333333,17.217365,16.265223,2,2
1.8684087688372437,106.51018,1.3761539543113162,3.333327777787037,0.720588129325275,70.70655395265243,17.153809,10.260376,0.5483870967741935,7.3152246,9.323547,2,1
1.7986749864369407,97.740074,1.2938529734364932,1.956520888469179,0.5984848031450907,45.5325397763075,26.425833,23.735155,0.175,24.267181,24.968473,2,2
1.8948254588489333,61.50772,1.2762514215659309,1.866666251851944,0.6346152625739879,40.75857612560359,17.33867,17.576519,0.014705882352941124,17.46588,18.338741,2,2
1.8426416588064316,84.66906,1.2762280864224516,1.9268287983344392,0.7094594115230127,40.50020950285036,13.6115465,12.380899,0.01706484641638229,12.721442,13.127359,2,2
1.8484018064245902,94.840355,1.220009171915978,1.62903199531742,0.8181817790343646,39.55721525455368,18.936735,21.676023,0.02127659574468085,19.158077,18.288036,2,2
1.8630161101185707,108.96308,1.1542912282413191,1.714285102041035,0.6538460700197346,32.56902152640604,10.452638,16.189524,0.007228915662650577,12.722198,17.929195,2,2
1.8675233040408052,77.54659,1.2882310547613935,1.774193262226893,0.4343433904703646,41.749942768445564,13.776832,18.326962,0.04237288135593223,23.171345,20.426207,2,2
1.8627994729078972,102.69815,1.1400064549559177,1.965516563614978,0.6458332660590348,32.04862859797042,10.940619,17.756197,0.032911392405063314,13.073145,18.360935,2,2
1.8329110776069988,117.76259,1.4320498668542978,2.3214277423472347,0.6341462899068057,73.91946426306232,11.919779,14.957648,0.3009708737864078,8.863921,10.198624,2,1
1.8663217425999405,56.61209,1.6225499298476482,2.783783031409991,0.7196969151744761,60.52515184159228,15.368967,17.723103,0.35,16.969334,15.677985,2,1
1.8852463829464599,76.39324,1.5169477332231147,3.363633305787904,0.5478260393194748,70.36803512147276,13.714542,27.446762,0.5111111111111112,21.562464,15.495134,2,1
1.8738504114569208,107.10335,1.4190482667239657,3.4615357988186166,0.747899096815202,68.90552756334759,21.701324,23.27888,0.3181818181818182,19.085543,24.559198,2,1
1.8612244839653695,112.58023,1.525460986275012,2.6296286556930903,0.5287355714097044,69.34249771843392,18.142656,17.607346,0.3975903614457831,15.849421,17.648088,2,1
1.819535301396201,48.18423,1.5902780422307343,3.222218641979287,0.5597483924686546,70.52621908952014,11.7851305,13.927556,0.3793103448275862,11.333072,11.22468,2,1
1.8672552006975485,55.63411,1.3085820854089012,2.1034475505353276,0.6779660633917478,72.30266599941527,18.011515,16.71502,0.2328767123287672,16.382275,16.349863,2,1
1.828317003883486,74.7558,1.0734409967863354,1.5588230709343907,0.4999999662162185,38.36683147540365,9.841809,11.964762,0.20610687022900767,9.2394285,9.441994,2,2
1.854301857216338,117.71134,1.3557527755948895,2.3571411734705903,0.7399998520000296,78.84347083333873,25.459206,19.555328,0.3777777777777778,14.924718,18.402725,2,1
1.8852876931985687,76.76009,1.5155505152891773,3.272724297523366,0.5793650333837275,70.38383872321563,14.958421,27.810863,0.4883720930232558,21.741016,15.8189535,2,1
1.858987117788475,55.261055,1.452494631333719,2.1509429903881148,0.8121211629017477,72.64621337405238,19.108532,23.887167,0.46153846153846156,26.00121,23.15452,2,1
1.862509443757357,42.88636,1.460234305458559,2.3636352892566865,0.6647726895015518,68.60708247071959,13.959029,12.645064,0.2857142857142857,13.48986,13.676516,2,1
1.8285189861984743,87.949005,1.4307480178723633,2.363635647383137,0.6708074117510924,68.09791825816734,23.18929,25.890104,0.36708860759493667,26.063265,27.773445,2,1
1.8773971542292547,75.37914,1.1314873442057773,1.5599993760002495,0.6688741278891306,37.96490902226746,14.220852,23.493904,0.13600000000000004,17.137806,15.761391,2,2
1.8287696016599724,55.034966,1.3236344603703183,1.8297868447262031,0.3827160021338269,64.80844008634982,13.075784,10.605806,0.2207792207792208,11.124263,11.861173,2,2
1.8538293738176843,61.822628,1.2662639664341238,1.9285707397961644,0.5681816890496161,44.79458174999917,19.92998,18.73976,0.07221006564551422,20.170424,17.701246,2,2
1.8881487984741938,29.817644,1.4872014291218463,2.368419806094839,0.6918238558601348,69.89291469792138,9.975615,9.973117,0.4035087719298246,9.604794,10.222084,2,1
1.874045995085287,208.16335,1.3391313925208606,2.0526304986155273,0.8120300141330816,69.64416549956617,45.159637,44.25715,0.22727272727272727,28.525383,42.003754,2,0
1.8750174407993687,208.67729,1.3381492196142377,2.3999984000010666,0.8409089953512505,69.65171451778708,47.73077,42.438564,0.24324324324324326,28.711061,44.739075,2,0
1.849193678180617,107.487274,1.2157211323485242,1.6730766013314227,0.6814814310013755,49.44266311064335,12.969575,13.890346,0.13513513513513514,17.153236,16.341768,2,2
1.870706712320173,116.39648,1.3766542138502031,2.9999966666703703,0.720588129325275,69.29185035032829,22.488462,13.72001,0.5,9.146167,12.539188,2,1
1.869527940919374,108.39251,1.3835237909521145,2.5384595858003185,0.7272723966943652,70.24088607216338,20.184313,11.970555,0.5208333333333333,8.570071,10.961121,2,1
1.8385551828937134,54.01847,1.25737118660783,1.9268287983344392,0.6399998720000255,35.97888874349253,15.016646,14.535791,0.01345291479820623,14.000383,14.693585,2,2
1.8404784126810587,59.8585,1.2516222776829686,1.8461533727811863,0.6326529321116464,35.528647306945075,17.264315,15.46133,0.013333333333333286,14.321721,15.29707,2,2
1.8796046789521053,79.694336,1.2765598511811318,1.9999992857145408,0.5921052242036037,39.644993374641615,22.182985,25.664171,-0.01680672268907563,23.387117,22.15143,2,2
1.8075453729956517,62.880417,1.3030113248956245,1.8431368935025698,0.6818180268595393,40.67274545584799,33.87128,27.4888,-0.01818181818181818,24.256372,29.848356,2,2
1.8713328262355433,81.702,1.2719190425049298,1.8571423265307636,0.6134968948774912,39.68920054794779,25.604143,23.557356,-0.021834061135371164,24.31265,26.477602,2,2
1.8052162207619022,60.12524,1.2999001447486596,1.7321425478316879,0.7083331857639196,40.549113942447086,25.974443,21.8918,-0.03174603174603169,20.210928,23.934221,2,2
1.816902068245456,99.045296,1.2807204594802863,1.8599996280000743,0.6923076162299323,40.5852693099555,21.095139,21.907625,0.025936599423631114,23.682919,27.092632,2,2
1.891406235527638,103.81934,1.2252435589384139,1.8048776085664369,0.7142855102041399,41.83508221574619,19.57066,19.68006,0.02304147465437786,19.227339,20.583994,2,2
1.8373764730927569,96.14564,1.271805128596803,1.8823525720877308,0.574257368885409,40.16883965453825,22.267801,28.583048,0.13157894736842102,22.034515,22.188986,2,2
1.8526791619488432,131.19713,1.4338626035898454,2.2812492871095977,0.6311474892502058,73.02539774195488,12.466324,14.585038,0.2967032967032967,7.445365,9.242742,2,1
1.891376774439823,104.31138,1.2255208098410544,1.7826083081286286,0.6741572654967828,42.17910512864041,17.507814,19.927223,0.029411764705882318,18.29781,18.566563,2,2
1.8163252357949764,94.70558,1.2888304563580353,2.347825066163015,0.5499999541666705,45.58869875367814,25.905418,24.433186,0.15887850467289716,23.656227,25.657757,2,2
1.8660228251147648,32.889053,1.2244476811801517,1.703703388203076,0.7529410878892837,40.61735289454509,5.889533,5.50573,0.04035874439461882,5.7732544,5.4438777,2,2
1.8729422068025439,68.83464,1.260369713139719,1.9629622359399126,0.5384613313610264,45.391498262317036,27.759928,26.828207,0.09424083769633504,24.927155,25.225676,2,2
1.8948254588489333,61.50772,1.2762514215659309,1.866666251851944,0.6346152625739879,40.75857612560359,17.33867,17.576519,0.014705882352941124,17.46588,18.338741,2,2
1.8831407157805244,46.84259,1.2707059441797903,1.8055550540124847,0.49056594517623675,40.65563904057266,17.646158,16.889347,-0.025,17.192337,19.31419,2,2
1.845868230746894,34.023624,1.1957522625432535,1.9629625994513704,0.6399997440001024,34.24171712313264,13.423975,12.538452,0.02608695652173916,12.118937,12.37305,2,2
1.8360833140073718,33.56539,1.1986755824450384,1.9629625994513704,0.6305732082437446,34.5053444950581,12.049227,12.300301,0.024390243902439053,12.358602,12.394348,2,2
1.841714498739645,72.098495,1.2632742345246784,1.899999050000475,0.6344085339345662,40.505330053663045,14.764848,13.64398,0.0967741935483871,12.199146,13.191427,2,2
1.8490196727251145,86.096924,1.2703808700709378,2.473682908587943,0.5890410151998609,40.512370970556056,14.386188,14.043431,0.09090909090909093,12.550289,14.24001,2,2
1.8713359154525055,56.026672,1.6181121462734074,2.8181805371906647,0.7359999411200047,61.351544549151384,17.090115,17.979145,0.3658536585365854,17.348486,16.740799,2,1
1.8716133271423954,68.43398,1.261082124976421,1.9642850127553526,0.49999979166675346,45.174984910215784,25.56982,26.425745,0.09895833333333327,24.731739,24.816034,2,2
1.8814020403921714,85.501785,1.5271283241739797,3.272724297523366,0.5793650333837275,69.12993964352934,15.539395,30.510075,0.4883720930232558,23.624254,16.67694,2,1
1.8517213860060815,112.837585,1.5333857761597378,2.6499986750006626,0.522387981733137,69.77730492374474,20.445326,20.621529,0.40229885057471265,20.356384,20.01046,2,1
