Entropy,Fractal Dimension,Gabor Feature 1,Gabor Feature 2,Gabor Feature 3,Gabor Feature 4,Gabor Feature 5,Gabor Feature 6,Gabor Feature 7,Gabor Feature 8,Gabor Feature 9,Gabor Feature 10,Gabor Feature 11,Gabor Feature 12,Gabor Feature 13,Gabor Feature 14,Gabor Feature 15,Gabor Feature 16,Mean GR,Min GR,Max GR,Mean EXG,Min EXG,Max EXG,Mean Hue,Mean CAI,Min CAI,Max CAI,Species
7.232475180894848,1.7933645866791568,36.403687,57.87365,73.741005,49.422955,106.88539,156.24686,214.33102,133.88394,112.17911,122.22116,202.2229,108.02526,36.525635,29.314835,26.838526,28.93888,1.1220085805983206,0.6296293964335569,1.838709084287392,36.31669754483622,0.0,255.0,54.73731724594671,-0.06342109332873626,-0.6363636363636364,0.06666666666666667,Rhizophora
7.3181530903715934,1.7322561832917616,57.28268,129.47513,154.8681,77.06806,167.53549,349.13962,449.53253,206.19261,165.15334,256.9415,413.69748,146.30719,26.348915,30.980423,25.221203,19.200066,1.0314610293172675,0.36363633820724905,1.7297292622353344,120.51804038287183,0.0,255.0,68.2988328800107,-0.08027210353877068,-0.6808510638297872,0.09090909090909093,Rhizophora
7.291965906418641,1.8089491871871481,96.416046,223.41208,327.40256,188.5097,279.26486,596.9342,952.6948,503.00906,252.52155,404.71277,888.00995,339.04462,10.839167,21.612694,44.770485,19.380325,1.4973042488802315,0.43749995442708806,2.349999412500147,116.11750959639706,0.0,255.0,61.28573025622333,-0.07677824808814436,-0.8181818181818182,0.1702127659574468,Rhizophora
7.306463784459156,1.742554372470486,58.2561,127.800354,152.7343,77.61217,170.36055,344.6745,443.45496,207.7887,168.7363,255.4396,409.9556,149.49336,30.829412,34.6958,30.12709,23.251104,1.0229580170144577,0.3766233521673148,1.7941171193773178,122.55029404121187,0.0,255.0,67.21388336994004,-0.08280863146543624,-0.688888888888889,0.1282051282051282,Rhizophora
7.345131577155843,1.726070073183306,66.14055,157.31412,227.22966,127.8414,192.05943,418.73608,658.50616,341.078,177.3357,278.9146,596.74426,231.08804,11.506169,16.316944,22.697569,15.660233,1.1389467525492434,0.3115941803192623,1.8518515089163872,60.19693720767655,0.0,255.0,46.01283000618166,-0.09930049553495969,-0.6825396825396826,0.2,Rhizophora
7.304919055729906,1.7237485888073265,62.448223,140.49516,224.18117,138.0932,181.46196,373.80392,650.0026,368.75763,168.31406,248.40747,591.45667,251.0237,11.148009,14.683663,24.829273,16.964285,1.1434027632952357,0.3153845911242622,1.9473679085873923,62.141922212772734,0.0,255.0,45.053382251992005,-0.09927178347068423,-0.6666666666666667,0.14285714285714288,Rhizophora
7.1677512248084625,1.6907913552011347,59.545372,89.76739,125.12363,89.96594,173.20679,240.80042,362.67697,240.77411,163.35109,171.08632,330.19043,168.62375,18.018003,17.717398,17.440166,16.799646,1.1132058372781426,0.499999895833355,1.8620683234247162,56.625915822125705,0.0,255.0,52.88659428802112,-0.07071772766785601,-0.8076923076923078,0.1724137931034483,Rhizophora
7.160243765383916,1.815412171985855,84.40622,126.99774,156.78465,107.938705,245.21712,341.02316,454.60297,290.1331,228.40604,243.80878,414.7829,209.06773,20.501991,26.026299,21.974125,23.352785,1.1492593231196586,0.36263732278710736,1.9999991666670138,56.16148561847839,0.0,255.0,52.84268830833174,-0.07453777031639057,-0.7029702970297029,0.17948717948717946,Rhizophora
7.253009124155354,1.8046590734461323,103.69835,138.86072,156.05981,114.20509,301.309,373.09366,452.58286,307.43137,281.97885,269.12906,413.86304,225.48752,29.919844,32.31839,23.904951,30.162127,1.1407954902402813,0.34090905216942585,1.911764143598781,55.90676841003642,0.0,255.0,52.16793447621146,-0.07907222984482208,-1.0,0.1,Rhizophora
6.8123347749123715,1.7527542075738676,76.24284,133.21573,149.75642,86.853264,221.8439,359.21765,436.1598,233.37695,208.9239,263.47955,411.48978,168.54681,20.121185,30.137995,32.569866,20.379602,1.1577601869318759,0.3854166265191014,1.6829264187984343,45.780904443713304,0.0,255.0,52.41763693644861,-0.051543488732910474,-0.8805970149253731,0.11111111111111112,Rhizophora
6.864893855751921,1.7602518567368315,90.216324,140.9784,135.24309,78.62809,262.27283,380.59216,393.65735,210.90897,245.18082,280.99176,369.96014,151.5512,21.47328,32.32693,28.857859,19.495731,1.146798642937581,0.3975903135433357,1.7017540874115635,48.49740558494415,0.0,255.0,53.243299089179516,-0.051807271195573906,-0.8536585365853661,0.1,Rhizophora
7.041994181558345,1.7852454017770822,90.67262,133.23518,159.23409,110.099846,264.25986,360.35086,464.288,295.84875,254.96568,273.5586,443.08524,217.83755,40.119377,41.905064,43.938835,34.842415,1.1753287096754765,0.41095884781385644,2.1666630555615742,46.370639357501794,0.0,255.0,60.60995647882268,-0.03704078124759455,-0.8235294117647058,0.18518518518518517,Rhizophora
6.746145310930068,1.7458553982149798,49.803204,56.0966,87.13765,77.46134,146.14679,152.70825,254.09285,210.62534,152.54951,127.48091,244.95761,170.31781,48.259495,35.906387,34.370785,39.05961,1.2072473344279482,0.471999962240003,1.7777772839507544,40.59374851512078,0.0,255.0,67.76268680804628,0.015556438583132434,-0.6666666666666666,0.1875,Rhizophora
7.099233575074576,1.771296514535215,93.47702,132.30876,156.81622,111.4059,272.19327,357.7822,457.34802,299.36227,262.18567,272.15054,438.21732,221.19492,45.326397,43.50252,48.27767,37.18879,1.1673025985800387,0.4237287417408912,1.874999414062683,47.636670816883665,0.0,255.0,59.71781777836173,-0.041662779206852754,-0.7419354838709677,0.18518518518518517,Rhizophora
7.072619566486135,1.7140934289731466,91.330574,138.65085,106.63168,54.815872,266.118,378.88333,309.88754,148.54947,257.2401,309.67776,290.0208,120.34017,43.975212,64.04496,29.469183,32.692684,1.1846068621243906,0.457142791836744,2.8888856790159125,47.84759492592034,0.0,255.0,56.68025690357628,-0.08070456831912054,-1.0,0.2,Rhizophora
7.176343047431945,1.802628022405813,34.236782,53.504936,69.57228,47.64026,100.594536,144.65318,202.27592,129.15634,106.54195,114.34051,190.88794,104.61373,36.866005,27.841848,23.980837,27.648731,1.1217928745400703,0.6315787811634785,1.7999994000002,37.85189272001744,0.0,255.0,54.38579583242515,-0.0645446162070289,-0.6363636363636365,0.07692307692307693,Rhizophora
6.88384504418721,1.8224754811905928,38.74258,74.923676,135.52045,94.52007,112.34037,199.52504,393.0105,252.59898,102.68264,133.94669,359.4843,173.001,6.110979,9.497235,21.36435,12.204647,1.449700963955845,0.39325838277995695,2.3714278938777444,157.57826672870246,0.0,255.0,54.77775472394078,-0.2228327491104775,-1.0,0.11920529801324499,Rhizophora
7.287419541122626,1.8535892494631976,61.99146,133.31891,175.91386,98.15539,179.66643,357.33105,511.0001,262.30606,163.21185,248.01172,471.28088,180.39569,7.5246725,16.390734,23.76532,14.354093,1.2615636476803878,0.42156858612072684,1.9387751145356908,122.54487673881819,0.0,255.0,44.65283925467644,-0.23634989528706213,-1.0,0.12757201646090532,Rhizophora
7.53878587890166,1.8172008519667604,39.101536,65.967766,87.117775,56.71141,113.02501,174.88332,251.41528,150.66246,101.00816,114.003456,221.76181,99.947845,4.8703604,6.81811,8.02323,7.1630144,1.1594216669216217,0.6538459023669606,1.8421049399815894,131.99337062466117,0.0,255.0,46.543131982518204,-0.1512112139063139,-1.0,0.11363636363636363,Rhizophora
7.2885898666747355,1.7688793889358516,86.48791,162.61774,178.35384,95.07427,250.82059,434.48657,515.84235,253.54593,229.26328,297.2512,461.2259,172.39287,12.801794,21.020424,15.744018,13.558525,1.2592530163837592,0.544117607050176,2.256409677843672,122.47215375931235,0.0,255.0,36.7716182116929,-0.2110216838091342,-1.0,0.08695652173913043,Rhizophora
7.058576983931058,1.8110236898542962,46.82043,111.51314,161.17737,90.727,135.90912,298.2261,467.19196,241.2804,125.37384,204.64453,424.34906,160.11957,8.831382,13.6193495,17.81837,9.864332,1.4194935040315797,0.43902433670434915,2.339622200071283,151.58919319953725,0.0,255.0,61.324229862124085,-0.16221735749907515,-1.0,0.18709677419354834,Rhizophora
6.998545142508856,1.813825744240513,46.66137,50.917057,91.97775,83.83368,135.5692,135.29012,265.62512,223.02762,126.51758,89.59768,234.98,148.16655,12.190993,5.984002,6.888126,8.5784855,1.4840975403725527,0.46938772317090316,2.4285709329447074,162.5219388696075,0.0,255.0,51.58545603283984,-0.29575999818606347,-0.88,0.1091954022988506,Rhizophora
7.287393845185983,1.831025660581568,85.84102,139.24483,176.37027,115.710846,248.4359,370.35712,510.3075,308.41794,223.3434,244.57861,457.0223,207.3268,8.858652,12.109049,13.830024,12.887661,1.3433464593541644,0.34814812235939835,4.057141697959515,137.34884088101984,0.0,255.0,48.07783708901296,-0.26581003055438673,-0.7916666666666669,0.3805309734513274,Rhizophora
6.761071358013226,1.7835557114242415,47.77666,56.896484,90.09713,77.519684,140.1147,154.61772,262.43857,210.18388,146.72942,127.807045,251.87698,167.3533,50.444405,35.738758,37.55391,38.117706,1.2060009223688228,0.5079364676240898,1.7692294082850706,40.90366780315072,0.0,255.0,67.90850164488134,0.01596303970973923,-0.6305732484076433,0.17948717948717946,Rhizophora
6.911249910116598,1.7824722618110826,75.73784,124.84515,155.52882,100.22186,220.25937,335.41562,453.09863,269.36035,205.98376,239.08224,429.5566,193.76213,16.461,22.773834,39.86336,21.499214,1.3798567260676504,0.44604313337819185,2.35416617621538,135.0821310408039,0.0,255.0,58.698894184285386,-0.1674994133157917,-1.0,0.13043478260869568,Rhizophora
6.853131736319009,1.828724401036025,33.87576,65.681145,87.47108,52.41708,98.54254,176.59029,253.67844,139.83884,92.440216,126.84276,231.83095,95.290184,7.979452,13.162909,12.593757,7.664563,1.3299840021988636,0.36893200301631035,2.2413789239001853,119.73031865991538,0.0,255.0,37.77462848392379,-0.2673894115258599,-1.0,0.17647058823529405,Rhizophora
7.289567661168519,1.8477138705752003,118.34901,166.44513,212.20462,155.10199,342.61755,445.26788,615.9426,413.9786,309.32907,308.14313,566.0849,282.05475,15.542173,25.003994,31.719065,21.060238,1.2282800497164656,0.42748088339840584,2.9047605215426087,147.70372012083004,0.0,255.0,56.51720549771138,-0.315337185891287,-1.0,0.4878048780487804,Rhizophora
7.178788987041094,1.8389070931750453,54.983868,112.68394,217.29689,151.83498,159.13116,300.1822,632.1046,404.8074,142.90143,199.76129,590.0105,270.19492,4.979839,9.924284,38.215477,12.440876,1.5426159700705733,0.7043477648393248,2.9285693367361882,134.83765908510094,0.0,255.0,52.82757840166478,-0.19135363388179785,-1.0,0.15923566878980888,Rhizophora
7.32982175312065,1.754293821331593,59.373775,66.72311,134.25923,121.61231,171.78743,177.61203,387.92355,323.83752,154.27269,119.151306,344.4028,215.668,6.6075993,8.6668005,10.684875,11.549033,1.3651622456901122,0.5507245977735798,2.0681813481406026,82.05365081959883,0.0,255.0,66.19290996708192,-0.048485342387093185,-0.9210526315789472,0.2830188679245283,Rhizophora
6.974946025244861,1.8599224661606748,47.885258,63.0043,89.29589,70.29363,138.47351,167.07184,258.8458,187.36313,123.97291,108.76349,235.77919,126.0298,5.4833984,6.0337143,12.540414,7.7679114,1.4851615718216182,0.33613442553492223,2.268292129684846,126.71015493575663,0.0,255.0,49.26483130180127,-0.20747771091795478,-0.9245283018867925,0.25,Rhizophora
7.173987765455889,1.8740634128722133,36.102955,97.77402,187.19476,119.17744,104.26833,259.00177,541.6052,316.79684,92.40174,166.27574,484.36246,207.3847,3.2809684,6.426079,12.19469,7.9908104,1.2517278348964982,0.6511627402199426,2.1428561224494653,112.63324704142012,0.0,255.0,41.5585679651545,-0.3294108695499188,-0.9444444444444446,0.18518518518518517,Rhizophora
7.048670151025251,1.8412552575657533,44.230812,86.557434,131.61292,84.318184,127.91705,229.92818,380.71252,223.90347,114.572815,150.79315,340.45996,146.54514,5.005992,7.5483694,10.480905,7.285302,1.5889451722634267,0.7812498779297066,2.3448267776459386,143.97518879601063,0.0,255.0,50.418125313912604,-0.21659257152927197,-0.7159763313609467,0.23170731707317072,Rhizophora
7.181045445317219,1.7878680184471074,86.85718,188.54984,289.71402,177.36693,251.5509,506.78787,848.02765,473.86108,227.477,358.6688,831.1754,323.1513,10.503286,26.878782,95.22077,22.188406,1.4023536619563344,0.46153841081995484,2.0869560680530284,104.99014396024697,0.0,255.0,53.02172900571811,-0.1604902606676506,-1.0,0.19327731092436978,Rhizophora
7.3710204455460255,1.8056504997761853,76.626465,159.4615,258.4435,166.51825,221.3963,426.7643,749.067,443.54166,196.5765,294.0715,679.5019,296.85278,6.314124,19.358328,26.285881,17.929096,1.4338977340665071,0.3606557081429747,2.7499992361113232,135.7963396018318,0.0,255.0,52.43115454392878,-0.1767897754430996,-1.0,0.16901408450704225,Rhizophora
7.1218880597231,1.8338350817943927,49.88868,103.09695,153.42717,94.74965,145.71486,276.85547,445.56833,254.20976,144.05876,200.55907,413.12918,184.03519,29.531311,26.86658,33.119385,26.316303,1.137796453987514,0.6089743199375436,2.133331911112059,48.097810944589106,0.0,255.0,48.26500976888335,-0.07740872219754633,-0.6402116402116402,0.21951219512195125,Rhizophora
7.407557778264531,1.8353219402266516,100.872185,177.58229,224.64697,139.2397,291.90247,477.9083,650.94385,369.22375,261.73044,342.4533,589.03394,238.94203,8.265784,30.266977,20.603844,10.250652,1.3316899548750685,0.5840707447725004,2.063829348121415,144.12992512966372,0.0,255.0,56.99506077645467,-0.20452978979477876,-0.689655172413793,0.10869565217391303,Rhizophora
7.100639959602729,1.8282137499620739,72.52899,144.84032,195.09688,115.67245,209.7412,389.52423,565.3486,307.33524,187.32974,278.1371,512.009,202.00244,6.2516303,24.065262,19.04354,10.376553,1.4694828659032786,0.5950412731370849,2.074626556025887,149.83396797866408,0.0,255.0,56.15962688258262,-0.19426500814606618,-0.8297872340425531,0.14074074074074072,Rhizophora
7.230961392899657,1.8234936001620523,21.792559,46.65855,99.7757,71.60627,63.294514,124.37206,289.5958,192.06029,58.661385,84.82142,266.54337,134.78198,4.4298778,7.7684584,16.921465,10.926146,1.4073606051198728,0.2916666362847254,2.4687492285158656,136.00471324090222,0.0,255.0,54.2425606257991,-0.16330230171485777,-0.75,0.1638418079096045,Rhizophora
7.118530913552257,1.7949776141306184,33.258602,92.117714,149.09999,85.069016,96.58299,245.43576,432.787,226.64764,89.52975,164.83171,398.20844,151.97762,7.165929,10.73736,24.004671,9.457693,1.4796487732634336,0.5816325937109598,2.5135128341857205,149.41787873282536,0.0,255.0,53.919577495645115,-0.20000939513651608,-1.0,0.1769230769230769,Rhizophora
7.2406627434821464,1.8267521114931542,56.569622,92.0624,114.11514,74.032326,163.35323,246.12402,329.658,196.46028,144.37836,167.99535,291.81833,127.75087,4.062822,9.791207,6.8674088,5.5194583,1.5205066375723157,0.4301675737336551,2.6585359369424544,124.69782225532315,0.0,255.0,58.38605116422305,-0.011479335345348722,-0.5444444444444444,0.3333333333333333,Rhizophora
6.853164832227085,1.8882288787490655,38.58615,76.5215,98.11777,56.504803,111.87957,205.27515,284.6866,150.82054,102.46295,145.3505,260.90662,103.73006,7.148056,14.0575075,14.125356,9.580391,1.4813643080439065,0.5135134441198048,2.2093018117902763,133.33187011328516,0.0,255.0,48.559814926590995,-0.21772768687533364,-1.0,0.22891566265060245,Rhizophora
7.159690347304064,1.8296166487891412,71.99071,95.39834,170.36879,140.32722,208.20619,253.01364,494.90704,376.8413,186.13942,164.83214,457.08847,265.76187,6.4644012,9.0507345,25.523142,20.286062,1.4669109193999494,0.6976743374797282,2.624996718754102,132.29749005217485,0.0,255.0,50.947838415753836,-0.254265523785855,-1.0,0.19780219780219782,Rhizophora
6.932419725456938,1.8506939726470113,48.551327,96.0144,154.05681,100.98278,140.3787,256.39923,446.28476,268.33853,125.42386,174.19275,404.1646,176.08865,4.9625635,10.678536,18.398928,8.514791,1.3964191196339428,0.430232508112499,1.9302321092483465,120.52312488888889,0.0,255.0,49.27816711111111,-0.23250595721121575,-1.0,0.11111111111111109,Rhizophora
7.235981449271103,1.8440274388010205,89.558464,119.290436,234.09692,195.7464,259.21637,316.97458,677.4385,524.8182,233.02222,208.16197,606.4613,363.79123,8.654199,10.097665,14.699757,21.632135,1.3274775673381398,0.40540535062089855,1.9999991666670138,84.94218644120268,0.0,255.0,51.42810669409292,-0.13556426826601722,-1.0,0.16666666666666666,Rhizophora
6.921182865768703,1.7740084680057164,51.85689,103.98201,158.79997,100.92201,149.9554,277.57352,459.6727,268.65637,134.08382,187.47987,412.5476,178.38818,5.277941,10.284174,11.25281,9.211621,1.4169438911876364,0.39199996864000247,1.879310020808617,99.06446362808065,0.0,255.0,53.42016225119148,-0.1482637386398397,-0.626865671641791,0.12442396313364056,Rhizophora
7.150483980081881,1.818023658768221,44.955967,92.139946,132.63971,80.6795,131.38248,247.19925,384.87503,216.54375,130.54442,178.45473,354.43497,157.77655,27.656559,24.356853,26.006596,23.754776,1.1331920990440003,0.6212120741506004,1.7272724132231976,48.31388608870968,0.0,255.0,48.06411371618106,-0.07357329397816383,-0.6249999999999999,0.20930232558139533,Rhizophora
7.461281060274871,1.7912254659981017,83.7886,217.72105,253.37497,110.35068,242.11452,583.8536,733.519,291.7678,214.86115,407.64755,658.9246,185.5688,5.806583,29.144892,18.556013,7.6539974,1.2984782098192493,0.36486484021183513,2.5714248979644316,63.98034390173674,0.0,255.0,58.48143330946152,-0.06438554078042388,-1.0,0.25,Rhizophora
7.233375342397237,1.8921794166974377,138.32143,143.38588,165.4553,152.0853,401.08987,382.6145,478.90646,405.7541,364.8524,258.06985,430.1319,273.44882,13.99276,14.482608,13.91708,15.43422,1.3670197731506177,0.6363635785124019,2.4285702721093942,103.88995570247198,0.0,255.0,57.25358720936703,-0.08482812441952704,-0.6190476190476191,0.2768361581920904,Rhizophora
7.218386661262675,1.769003294707272,39.724518,94.66174,150.22319,90.06492,114.78813,251.68892,434.02463,239.67426,102.070816,165.74277,384.40936,158.69002,3.6286788,7.7761273,8.532117,7.629989,1.4063306278413685,0.4201183183361942,2.0937493457033294,105.74441169452412,0.0,255.0,51.359179346250734,-0.16636116285296423,-0.8484848484848484,0.13333333333333333,Rhizophora
6.818232097863366,1.808279320307816,37.289185,68.82551,79.09297,44.35485,108.17206,183.59206,228.78221,118.07391,99.302956,123.920746,204.75768,79.10387,6.6335583,7.632882,7.208563,5.526814,1.3402673258579554,0.7172413298454255,1.936169800814936,79.10650611570601,0.0,255.0,57.20571323438476,-0.07373362042498781,-1.0,0.19431279620853087,Rhizophora
7.351233356682682,1.8593940996768648,40.26805,83.244995,125.25126,77.59457,116.309395,220.89172,361.58875,205.46806,103.07393,143.33763,318.5301,131.66714,3.3708978,5.7031074,6.672595,5.0137277,1.2190577853036237,0.35964909125885164,1.8235290542099893,106.1121663830693,0.0,255.0,40.36921963734452,-0.2660710377440215,-0.7922077922077922,0.14893617021276595,Rhizophora
7.324177878995682,1.8602565575126764,63.36496,172.02917,271.25708,153.29672,183.39554,459.491,786.93634,408.08334,164.9308,312.68167,718.7769,270.79486,6.583932,19.801704,31.125103,13.810726,1.1695477938776866,0.5789472922437773,2.0999979000021,102.2797418948298,0.0,255.0,40.298533566386666,-0.16640724094174159,-1.0,0.26666666666666666,Rhizophora
7.311032710110056,1.8367960138537456,110.7346,144.67,212.42786,169.99477,322.22433,386.97272,617.1305,458.70517,301.65213,268.22946,570.6207,336.36862,20.81304,22.864887,33.554836,35.82172,1.1698473611370486,0.2874999640625045,1.8518511659810497,68.01544083127945,0.0,255.0,45.427284006505374,-0.12402558092390453,-0.9259259259259259,0.10344827586206899,Rhizophora
6.640471093906954,1.7651706435462209,32.217556,44.337452,70.84836,55.9512,93.421074,118.72849,205.55276,149.61525,85.200966,82.88945,188.33226,102.58132,4.227033,7.2264214,10.278955,6.853214,1.3251010125165703,0.6134453266012331,1.9024385603808387,106.9793474947865,0.0,255.0,43.547576034663415,-0.2268314351887335,-0.4848484848484848,0.05167173252279634,Rhizophora
7.23208533527113,1.7058356982135987,22.35337,39.283592,57.887096,38.889748,65.81409,106.185616,168.12805,105.10938,69.24943,81.95953,156.58151,81.17696,18.81332,15.578842,15.099353,15.617966,1.2157180334979125,0.6122448354852208,1.9642850127553526,78.13572465705315,0.0,255.0,70.93783606694868,-0.054431243496196914,-0.5206611570247934,0.12000000000000002,Rhizophora
7.2345872489090155,1.7167948179499195,23.051834,40.933483,59.788414,39.780563,67.8764,110.69043,173.65076,107.59902,72.2925,86.567,161.9146,84.464874,23.09104,18.770067,16.416199,18.729597,1.213159921658787,0.5859374542236364,1.9999994285715916,78.83347060845364,0.0,255.0,71.19957217667343,-0.05383415084242666,-0.49450549450549447,0.15151515151515152,Rhizophora
7.208858928198279,1.6808892743751338,134.64047,186.22202,311.6808,247.98097,392.04376,499.38593,907.48425,666.2017,374.17978,356.90546,855.1241,478.8077,50.452393,44.727802,69.990776,55.009335,1.159750881318831,0.4999999553571468,1.9999993548389179,49.88574204013882,0.0,255.0,52.01532032258606,-0.08321425757710829,-1.0,0.3076923076923077,Rhizophora
7.292638991919951,1.8262520027843256,64.20619,127.371284,193.55217,123.6136,187.37204,342.8864,561.89056,331.90543,182.42758,251.24731,517.7676,239.46924,29.58502,33.038483,32.724945,30.447275,1.148566629996667,0.5611110799382734,2.047618072562823,57.622382341599184,0.0,255.0,62.253269453246816,-0.06602515265951042,-0.6181818181818183,0.09523809523809523,Rhizophora
7.309034977741668,1.8038630088352132,68.76798,140.27217,197.1929,118.7819,200.85426,378.2722,573.0617,319.71744,196.76823,280.3736,532.5563,235.54002,32.871998,38.332443,38.211224,33.93445,1.1315702357831003,0.543859617318151,2.045453615702902,60.56719599673614,0.0,255.0,64.52090249484432,-0.06160687292304816,-0.7931034482758621,0.13043478260869565,Rhizophora
7.321506083138653,1.7877694091569012,76.33015,116.05838,203.29613,156.37993,222.92874,312.89667,591.13983,422.19437,218.30447,234.1199,552.2575,315.19772,36.409973,37.299847,43.707085,43.950455,1.1218521964739958,0.5389610039635712,2.263156703601735,61.36359987760508,0.0,255.0,64.71979493262691,-0.05857840578112258,-0.8461538461538461,0.15151515151515152,Rhizophora
7.150702963336594,1.826650520773995,36.81629,66.892044,106.28274,72.465775,107.83055,180.14256,308.28232,194.92146,108.57645,134.01582,283.05707,143.42386,23.195728,20.881496,19.94348,20.987278,0.9943053572083856,0.46913574455114265,1.7321425478316879,133.9094819497518,0.0,255.0,96.72198511669191,-0.07268855361510096,-0.8843930635838151,0.030303030303030276,Rhizophora
7.144882368447908,1.8204716409967783,37.60552,74.327194,109.65014,69.088974,110.15603,200.04855,318.06885,186.10626,111.823715,148.74223,292.40033,139.62415,27.328625,24.446938,21.673206,24.261389,0.991949396267735,0.4556961448485892,1.7799996440000712,135.3022316114213,0.0,255.0,97.17178461847996,-0.07171678522644381,-1.0,0.02950819672131146,Rhizophora
7.1009506357875605,1.8379731585127521,48.038258,95.79059,132.86008,80.16215,139.85144,256.59894,385.9558,214.59479,132.53638,179.98132,357.24265,150.76767,14.489685,16.865278,23.117868,15.6603565,1.1769758708830265,0.5979380826867956,1.6101692186153866,96.19563057552689,0.0,255.0,59.221553634071796,-0.11703278351700411,-0.518796992481203,0.042183622828784115,Rhizophora
7.154412204151809,1.8467685472697346,50.82734,94.79638,125.698204,76.94255,148.11224,254.37154,365.4423,206.49957,143.71384,184.18083,342.3837,151.31223,26.561007,26.622328,32.79684,25.362291,1.1770851497337822,0.4961239925485277,1.6724135047562922,92.46324293018054,0.0,255.0,56.25745448293588,-0.11638318274150367,-0.5416666666666667,0.043083900226757406,Rhizophora
7.325535724279627,1.7992051512337046,104.87368,152.66081,232.12291,175.5182,305.05182,411.2211,673.43604,470.36554,287.82394,301.78415,617.25604,332.03397,32.473583,38.27933,35.291477,34.00329,1.192616008407905,0.40322574141520295,2.4444417283980795,71.57321650756475,0.0,255.0,58.07401476515141,-0.04930241541063628,-1.0,0.17073170731707318,Rhizophora
7.109522321643439,1.7702817397422885,62.54192,112.22035,180.71118,124.41225,182.29903,300.81924,525.37286,333.90002,177.5669,216.94937,491.2109,241.6607,34.451027,32.446636,42.93313,34.252407,1.211530174002575,0.434782545683689,2.1874993164064636,125.4566009855533,0.0,255.0,86.24297860595371,-0.02649077596926026,-0.7315436241610739,0.1428571428571428,Rhizophora
7.148793585053319,1.7936255063113808,74.14034,135.74896,192.84575,124.02448,215.93784,364.4097,560.51843,332.51746,206.80229,261.55252,521.5502,237.4056,29.46647,30.842321,38.00953,28.999735,1.2143116797195663,0.4210525761772926,2.0298504433059037,119.14164429803157,0.0,255.0,82.2194481725503,-0.029744857956693238,-1.0,0.1320754716981132,Rhizophora
7.16302994641225,1.6681243486816957,136.32489,190.01811,322.18533,256.04767,396.9152,509.59152,937.89905,687.68005,377.98975,363.94913,882.7478,492.84106,48.209293,44.832848,72.01323,55.120102,1.1598513208374859,0.4653464885795556,3.2499918750203127,48.563089321376054,0.0,255.0,52.07017361914411,-0.08044381429775416,-1.0,0.42857142857142855,Rhizophora
7.064919282846811,1.714330605558905,80.97229,136.54591,109.39844,49.59317,235.9999,373.66812,317.9474,134.63522,229.37994,307.65787,297.31982,110.58404,42.93487,63.530968,28.686388,31.022392,1.185640817765365,0.472972909057715,2.999995714291837,44.77757795316341,0.0,255.0,58.95387299456592,-0.07053825792089859,-1.0,0.21739130434782608,Rhizophora
7.22173479460554,1.7752911742546356,125.84968,269.1143,320.2668,165.63371,366.1693,733.7266,936.8789,443.5942,343.9546,576.1031,913.7439,311.45477,29.696095,81.1899,99.60524,30.996225,1.3314542641725384,0.44642853156888107,2.0540534989044597,97.01753985864563,0.0,255.0,56.93204470742932,-0.14346261377505687,-1.0,0.15789473684210525,Rhizophora
7.35681815016035,1.7999685111871766,48.91315,144.02791,279.31555,174.76189,141.7126,381.88678,807.7575,463.30417,128.8041,246.76633,719.96106,298.31754,7.4690404,10.139966,16.932823,10.652262,1.278691248763346,0.6969694857668224,1.9076920142012286,85.27346537501452,0.0,255.0,51.39162169723406,-0.09941626059088222,-0.47169811320754723,0.14285714285714285,Rhizophora
7.1702037166144645,1.875883443847717,57.602528,127.71001,223.2673,145.59238,166.57758,339.96213,648.025,391.22705,149.02565,226.8891,595.0464,278.5489,6.0258713,13.7559395,31.758614,25.05693,1.315459985618679,0.6461537964497079,1.9782604395085999,138.15993075465687,0.0,255.0,49.858858471796076,-0.2792921319492453,-0.8235294117647058,0.1067961165048544,Rhizophora
7.038554773397481,1.891680512882245,79.42735,74.41449,148.41129,147.12756,229.34277,197.00989,429.4003,392.40765,202.68321,126.81428,384.60336,263.931,6.004939,6.3689594,12.093249,14.4914255,1.4230516559784645,0.5974025586102234,2.2499995673077753,149.59189965703376,0.0,255.0,53.30652201022571,-0.2301617240860214,-0.9595959595959598,0.1452282157676348,Rhizophora
7.254884848854961,1.8448983890131145,36.95965,121.02436,204.07361,113.11089,107.066124,321.64545,591.172,300.29654,97.073944,211.44395,534.8906,195.88101,4.9495273,10.320707,22.367756,8.871266,1.3548810288384243,0.6796115845037296,2.1320750694197983,124.88055555555556,0.0,255.0,61.25193438665789,-0.1453321159440434,-0.5675675675675675,0.15887850467289716,Rhizophora
7.2319982562448635,1.7857944399618972,79.1742,154.51654,194.9722,112.09357,228.69171,410.40274,564.6431,299.9366,202.59326,268.49622,509.22144,207.81818,6.1363497,12.049349,18.102879,16.859621,1.2913347482571236,0.5942028554925467,2.1489357129924014,144.51182707265147,0.0,255.0,36.192383790058415,-0.22316231461879094,-1.0,0.08085106382978724,Rhizophora
7.374083423898469,1.8047799282039962,38.852837,114.09638,178.33443,96.90411,112.38977,303.0441,516.0631,257.06897,100.72611,197.91583,462.39355,166.46439,4.0200505,8.52677,13.145127,6.616275,1.4611717197930991,0.6306305738170654,2.365384160503046,155.99097864131048,0.0,255.0,57.088265156684386,-0.19670247276827052,-0.6516129032258065,0.15625000000000003,Rhizophora
6.964812483112311,1.829667723708971,23.24185,58.2285,86.67703,48.55557,67.38206,154.6997,250.85985,128.91376,61.501717,101.636086,225.32619,84.32546,3.5641973,5.2959566,7.976175,4.3830523,1.3315185476379305,0.6548671986843186,1.9397588024386985,155.15169165067906,0.0,255.0,60.505013928180446,-0.1860056886120656,-0.5878787878787879,0.10144927536231889,Rhizophora
7.102293324881879,1.7889418001325363,93.98196,182.72389,233.08461,135.25432,271.8651,486.33295,677.2302,362.2822,243.83704,323.3632,626.8286,252.69034,10.464797,18.290644,37.409977,21.283237,1.202573252867546,0.5217390737240137,1.9876540755982621,148.6685716047153,0.0,255.0,30.658828243850593,-0.21671664838244187,-0.7090909090909091,0.06666666666666668,Rhizophora
7.367712516129281,1.8167449977812993,31.69577,79.289375,106.09687,54.796547,92.64287,211.84123,307.05426,147.21754,92.046555,148.70906,277.75357,108.64907,19.161945,18.624418,18.589737,18.140907,1.1160496756808176,0.31481478566529764,1.8846146597635924,88.37876906611451,0.0,255.0,64.68434065218752,-0.0652151801384969,-0.7662337662337663,0.06796116504854371,Rhizophora
7.196932658698465,1.7457449109924423,67.09308,102.745605,162.7917,120.83156,194.8687,274.98398,474.25092,324.2809,180.85657,191.62354,449.22644,230.16634,14.672742,17.755688,40.19947,23.069292,1.2864761793781643,0.5949366335523248,2.0862065368609417,120.69269200353213,0.0,255.0,50.48600352653846,-0.18126902232586078,-0.7631578947368421,0.11392405063291146,Rhizophora
7.085506485006363,1.7890013388409722,72.498055,184.83667,290.69577,168.44647,210.00404,494.2082,849.3023,455.1491,190.44952,342.25232,819.72516,336.35947,10.181798,30.580738,78.83732,35.50391,1.3304363325384483,0.5030302725436199,2.090908774104731,121.0346203456502,0.0,255.0,43.39069471761197,-0.1971531810232191,-1.0,0.1627906976744186,Rhizophora
7.148962232325973,1.8148538577768096,106.47106,162.37518,206.42638,142.01018,308.70383,435.18463,600.73694,380.0134,281.49747,303.24594,565.3239,262.9254,14.5161,22.56854,50.20956,20.594692,1.2846264503930387,0.5781249096679828,2.1399995720000855,126.54830253624017,0.0,255.0,42.23367235310542,-0.1430674321492762,-1.0,0.0857142857142857,Rhizophora
7.246750951667121,1.7806682512625271,84.576675,130.22447,135.18,83.9716,245.13612,353.5478,394.12775,224.63675,223.95319,271.0383,374.38425,157.63951,15.521013,36.754227,30.24759,16.9078,1.4042539148044972,0.5688072872653864,2.33333277777791,111.39512942180714,0.0,255.0,50.10257260000425,-0.1022998683936115,-0.9459459459459462,0.15789473684210528,Rhizophora
7.102676279565841,1.7990893760083149,73.44143,145.31094,216.00565,136.17728,213.00128,389.32242,627.28424,362.99652,194.67479,270.9481,577.83777,244.63614,10.38585,20.44432,30.51894,16.51302,1.318192818037568,0.3837208856138505,1.854545117355433,141.1175803319281,0.0,255.0,42.241529887740285,-0.3724224648720085,-1.0,0.11999999999999995,Rhizophora
7.2393104387154406,1.8522064365055444,49.859283,114.06151,187.00761,116.11657,143.89642,303.2687,540.50836,307.4008,126.73772,199.38403,480.28528,196.36945,3.6119862,8.729745,12.374893,6.7992344,1.358677084921396,0.3951612584547372,1.817072949137445,115.18880604385656,0.0,255.0,49.770352107137434,-0.21170148468728386,-0.803030303030303,0.12280701754385966,Rhizophora
7.082919418055791,1.875497993584797,46.170937,120.670815,210.00002,128.37125,133.37128,319.81934,607.0829,342.10324,118.31053,206.15352,539.838,228.58948,4.074344,8.286568,12.664542,11.747681,1.3533449343678763,0.6521738657845024,2.0192303809172345,138.66079654546974,0.0,255.0,46.630055248199504,-0.2309305676977139,-0.6613756613756614,0.10857142857142851,Rhizophora
7.249520589714654,1.8309175294592206,120.07857,192.3396,191.79604,111.792076,349.64288,523.01984,560.0956,301.44476,327.91373,403.13092,540.306,223.09454,19.549623,51.40378,57.11764,29.348778,1.4160744392047773,0.5238094822373427,2.1714279510205854,131.01763990190682,0.0,255.0,50.26651400231527,-0.24774430648117685,-1.0,0.07482993197278914,Rhizophora
7.46751058289397,1.8306338569385183,47.80077,132.89612,230.10509,137.1612,138.69478,353.19675,667.0863,365.79736,127.52632,232.5475,605.8766,246.44498,8.663711,12.259359,22.823046,14.860077,1.2238785512017611,0.5730993816900947,1.8888883641976764,82.5111400759275,0.0,255.0,50.15824634330571,-0.11464959941396217,-0.6455696202531644,0.0985915492957747,Rhizophora
7.267798051224825,1.8208291405062715,107.19746,141.44095,217.18446,173.93823,309.6651,375.8295,629.7657,464.1642,274.14752,245.9492,574.0737,312.87024,6.799361,10.421428,27.349407,16.987112,1.2562983477630274,0.6756756148039986,2.1764699480970737,83.59757885703384,0.0,255.0,50.97716971336531,-0.07316138523999001,-0.6610169491525424,0.11999999999999995,Rhizophora
7.3262938910531865,1.8243840406848149,34.689735,98.02776,129.18481,61.39081,101.370735,261.81696,373.789,164.435,100.906425,182.31142,336.6418,118.86183,22.362139,20.54614,18.216928,18.724045,1.0979802405164032,0.6037734709861375,1.939393351698984,100.9484460316662,0.0,255.0,70.12197855015118,-0.06352159035005014,-0.5531914893617021,0.0847457627118644,Rhizophora
7.193001440683229,1.8833201929860937,84.91338,251.44809,432.05923,251.4014,246.16138,677.27246,1260.9781,673.20355,224.55473,493.38763,1209.3079,468.42487,12.894307,57.03045,115.825226,39.012775,1.3575573222298074,0.4741378901605267,2.2187493066408415,137.72000659725572,0.0,255.0,46.799413142422914,-0.2207771274768543,-1.0,0.15294117647058825,Rhizophora
7.100486398001211,1.8523680695561913,43.87779,103.467224,184.3571,118.37534,126.71319,275.60132,533.05005,313.73483,112.275696,184.01884,474.73065,202.30737,4.1503105,10.072164,11.873816,8.295937,1.373865645171751,0.38167936017714804,1.911764143598781,121.43491481782412,0.0,255.0,49.44643293760956,-0.23944903609169824,-0.7024793388429753,0.07774798927613935,Rhizophora
7.261696951625853,1.8304107716442022,65.30612,77.9735,103.362305,86.01292,188.51097,206.61113,298.99274,229.3435,166.20279,133.31598,267.42267,154.06638,4.630117,5.9382486,8.422979,8.5004835,1.2819199708832265,0.7051281147271647,2.1698109113564317,128.03263697246732,0.0,255.0,41.32376570638886,-0.172083333427892,-0.8471337579617833,0.10726643598615919,Rhizophora
7.049126876312814,1.818402506023,45.804993,79.10029,141.19244,102.70091,132.35583,209.8058,407.71423,273.08563,117.59033,135.98029,359.77457,180.02817,3.8015409,5.7331123,7.602778,8.820782,1.2969636161837779,0.5416666102430614,1.7887321424320926,144.9897396030224,0.0,255.0,42.73327237965101,-0.3564626511904756,-0.7575757575757577,0.09154929577464786,Rhizophora
7.3430013165125985,1.821810719463252,110.67564,200.97939,333.0817,230.69879,320.4253,541.39624,970.1685,615.5484,289.3284,391.53525,911.8877,416.93692,14.139759,38.065575,55.5074,28.150208,1.3013885295412966,0.5348836794663814,1.9387751145356908,116.89524550529985,0.0,255.0,47.03321753729362,-0.2579970478303027,-1.0,0.10891089108910887,Rhizophora
7.505597425174635,1.805073401426728,142.79929,191.18791,315.60187,254.85323,412.80652,510.22357,913.836,680.3724,367.56915,346.5743,822.8352,459.85403,10.941098,24.320723,27.37173,25.24421,1.1841659731779828,0.3982300532539776,1.7678568271684236,93.80565996204854,0.0,255.0,39.883292492225586,-0.22457631062379424,-1.0,0.11111111111111112,Rhizophora
7.189843427612942,1.8174156093549199,59.61088,114.34103,155.23009,94.45057,172.0909,303.59985,448.24533,250.15385,151.96075,198.40184,395.81332,160.81812,4.768714,9.227059,9.66977,6.819182,1.2272970346785572,0.532258021592095,1.805969879705988,113.04891531754969,0.0,255.0,39.859650782842884,-0.2272947956424288,-0.7350993377483445,0.04477611940298513,Rhizophora
7.015394591799211,1.80958490311099,51.642597,80.28572,98.25033,65.51774,149.1215,214.18332,283.85675,173.87521,131.92488,145.04202,251.7271,113.58195,4.3633413,9.674065,7.1757216,5.8507967,1.1824522222047613,0.282352924567475,1.7301584555304037,114.56670737843213,0.0,255.0,34.86465441028254,-0.21796363578091205,-1.0,0.04607046070460704,Rhizophora
7.244869211659971,1.8428960509666328,100.60888,126.28829,203.93794,170.21512,291.5388,338.85342,592.53235,456.6595,264.7658,240.5885,547.9172,321.69214,13.136415,24.430824,30.755577,27.521584,1.2166530220249394,0.442622926632627,1.8181812672177977,131.1185484186465,0.0,255.0,35.88096046476535,-0.44630233164607025,-1.0,0.007518796992481177,Rhizophora
6.62746721247221,1.8553096893861234,77.659294,116.04626,133.64177,89.806656,224.57431,312.32675,387.25525,239.75922,200.54147,225.15504,350.76572,163.02888,6.6057167,22.628622,13.490336,10.875821,1.2535141257339233,0.4395604154087684,1.774193262226893,121.64432274929489,0.0,255.0,40.16622443664809,-0.3173650431393828,-1.0,0.012738853503184757,Rhizophora
7.119121773720497,1.7517285697879827,115.47803,143.59958,176.5715,141.01076,337.46167,387.68448,513.14294,381.08585,328.72,288.76495,476.52258,286.0016,42.612514,39.43259,32.451008,40.28211,1.329629703435306,0.8363634842975483,2.08333275462979,47.89846225667723,0.0,255.0,67.83534923419344,0.006851799055976931,-0.6036036036036034,0.2615384615384616,Avicenna
6.870264837693656,1.7792869776480011,112.56365,121.08314,141.41223,126.5216,328.45282,327.60257,411.35922,342.1887,316.30914,247.51128,384.94955,258.04153,37.603176,35.477383,29.210253,36.879147,1.1951045307711423,0.8785045907939635,1.8620686444709234,77.40439678587596,0.0,255.0,44.929132243096426,-0.16366080561830618,-0.6648044692737429,0.1627906976744186,Avicenna
6.9930771332328945,1.7636751599356004,107.28414,114.049736,179.64153,165.3115,311.23203,305.311,521.1955,443.98898,287.40027,215.54395,477.9811,317.3724,26.194014,25.473711,28.027077,33.71214,1.2192056027157125,0.7797618583475084,1.8163261599334366,58.553846362418895,0.0,255.0,56.942864830900106,-0.0341769313070144,-0.4161490683229814,0.22480620155038764,Avicenna
6.450564633050453,1.800003858147472,78.20653,77.71401,106.61235,102.56082,228.55762,210.408,310.73633,279.39377,231.41313,170.7219,299.64108,228.41722,67.013405,49.501884,45.924477,55.36797,1.185046917399719,0.8653845321745642,1.644736625692549,74.76536829224695,0.0,255.0,44.86439193203266,-0.17119467199940946,-0.7543859649122808,0.08974358974358969,Avicenna
6.43890090270358,1.7831774247766663,79.100266,78.961945,109.14822,104.64174,231.02202,213.59995,318.08566,284.911,232.07909,172.32172,307.25885,232.06909,63.32688,49.944267,50.371174,56.196438,1.1900817332221765,0.8640775860118848,1.649350435149294,74.44552182778882,0.0,255.0,44.409424451250636,-0.17542651374283796,-0.7606837606837605,0.09333333333333338,Avicenna
6.871128132304935,1.7157401720397099,88.52095,88.24727,108.25527,103.50834,257.89984,238.74658,315.22214,279.5624,253.09138,189.58728,302.33588,217.21614,60.0562,48.43681,46.885143,49.562416,1.283179476497978,0.8135592760700974,1.8461534911243285,48.169620718831624,0.0,255.0,69.07931227070395,0.03554827067604104,-0.3145539906103287,0.27058823529411763,Avicenna
6.861358976814603,1.739434278742327,99.22255,98.107346,117.07621,112.63809,288.80426,264.8535,340.66623,303.78372,279.12753,203.05695,322.33917,229.6251,55.163197,39.80055,37.299496,40.814175,1.2825431103448508,0.8135592760700974,1.7959180008330609,50.19807316298081,0.0,255.0,68.39623633947147,0.03262034156744003,-0.30088495575221236,0.2727272727272727,Avicenna
7.424514185336355,1.6908359520658525,182.17929,248.36125,250.84067,174.20355,533.32935,676.92377,732.7478,474.1714,523.97845,533.32324,707.72144,375.5542,63.681652,80.2772,72.95429,65.786514,1.2049376561090523,0.48837197944837685,2.210525152355183,104.88033791972624,0.0,255.0,83.29407061890844,0.01823905888771906,-0.41276595744680855,0.3207547169811321,Avicenna
7.459326290523253,1.765870335200902,206.36324,282.95557,285.45294,196.96788,604.0282,770.9742,833.7169,535.9336,591.86053,605.2457,804.1709,422.75388,67.64026,88.464455,81.73049,72.16077,1.2237453068602506,0.3055554706790359,2.1739120982990876,94.35450819805624,0.0,255.0,79.03984341969918,0.017273001135660427,-0.41747572815533973,0.34883720930232553,Avicenna
7.163186159704154,1.746229783314199,171.9678,175.88129,255.41733,240.84746,501.22955,476.59286,742.7824,650.52686,482.6728,368.299,694.571,485.56943,71.05077,63.56343,55.65179,65.63839,1.2546584120072501,0.6568626806997372,2.1249986718758302,54.64483672796277,0.0,255.0,61.68841243607975,-0.020419203449690025,-1.0,0.24378109452736318,Avicenna
7.219282774234819,1.7395603689901833,165.84068,162.13205,225.57544,219.497,483.08755,439.19504,656.01514,592.67804,465.8448,341.7896,615.7681,444.77524,78.281654,66.98853,58.98248,68.35687,1.2506199167681131,0.6226414506942027,2.727270247936138,53.85078646593601,0.0,255.0,61.57970735420805,-0.02184746693653296,-1.0,0.24324324324324326,Avicenna
6.836579576498344,1.7683789824934524,132.04776,144.18839,168.47429,148.78447,385.23666,389.92743,490.03793,402.31903,369.95953,292.67804,458.1218,302.06424,41.26596,39.43164,33.872765,41.05876,1.2023173146148491,0.886524759820939,1.7377046331631747,78.48297379659869,0.0,255.0,45.49746813321246,-0.15988921560476363,-0.6287425149700598,0.14285714285714285,Avicenna
7.1827809777069564,1.7253631058614163,170.80095,170.92471,239.47586,229.09717,497.61987,462.95276,696.43665,618.63306,479.0048,357.38177,651.69293,461.87244,74.83625,62.796486,53.847183,63.99796,1.2538733893417913,0.6261681657786761,1.965516563614978,54.116412803826066,0.0,255.0,61.51846227498888,-0.021603211073623712,-1.0,0.25999999999999995,Avicenna
7.390443411883174,1.804608012098626,57.67433,130.83324,173.18802,93.84747,167.68134,349.35446,501.74454,252.07869,158.32072,239.95628,454.9777,181.32484,20.286165,20.743635,22.294973,20.909874,1.109889021189836,0.7162790364521379,1.575757337006464,44.75676255212112,0.0,255.0,58.756575343835515,-0.041868145002662185,-0.4959349593495935,0.16190476190476194,Avicenna
7.39177349865016,1.8002262281318364,57.746155,127.527504,168.04587,92.22655,167.90585,340.61435,486.91644,247.78995,158.53844,234.42041,442.21213,178.55386,19.947086,20.521774,22.91001,20.69858,1.113377979418495,0.7028301555268794,1.608694952741325,44.96494047043944,0.0,255.0,58.89250533592151,-0.0420176426610401,-0.5081967213114754,0.17647058823529413,Avicenna
7.357792286940711,1.7690744073791482,53.496323,115.60176,152.11937,84.54407,155.6363,309.0005,440.92426,227.4177,147.6121,214.29178,401.5353,165.53981,19.221087,20.39689,21.702795,20.648619,1.1148706592068824,0.7401960421472529,1.6956514366732884,42.53447618137056,0.0,255.0,58.003595860123816,-0.04382098254507222,-0.4927536231884057,0.15384615384615383,Avicenna
7.1467098872306085,1.7368509754373669,93.4013,116.61585,110.77231,82.24339,272.13406,313.27673,320.99405,221.43912,260.7155,225.19058,292.6624,163.46126,35.13905,26.020609,19.382498,23.819887,1.2495024870954647,0.6923076390532585,1.8780483224272382,55.803454381162545,0.0,255.0,55.59516929737221,-0.05817135240217455,-0.5714285714285715,0.25217391304347825,Avicenna
7.117036590365167,1.707019873387287,87.30535,110.050224,104.931145,77.18347,254.43826,295.73163,304.2023,207.96632,244.41354,214.14671,279.0262,155.33722,34.105328,27.657478,22.386707,25.546766,1.248429193869328,0.6929823953524215,1.939393351698984,54.59284514671409,0.0,255.0,55.15099477069183,-0.05868880325194782,-0.5660377358490566,0.25396825396825395,Avicenna
7.371073294052241,1.7383577502553154,54.969948,85.96294,94.64079,59.75479,160.22543,231.48595,274.36734,160.44586,154.62865,170.51978,251.60553,118.2414,24.030344,23.748726,20.005667,20.210148,1.2046057183000667,0.7222218209878772,1.9599992160003137,37.05903961850897,0.0,255.0,59.767592323047495,-0.023050183552075887,-0.42028985507246375,0.32432432432432434,Avicenna
7.376189890118011,1.7554546730408478,57.393215,89.68796,98.53614,62.173473,167.24904,241.51436,285.71912,166.89594,161.08842,178.35367,262.71582,123.25478,24.663965,25.955883,22.443682,22.13404,1.199028172068051,0.6666662222225186,2.047618072562823,38.72129093468122,0.0,255.0,59.88492472802513,-0.025564404208457268,-0.4117647058823529,0.2941176470588236,Avicenna
7.374763894922482,1.7412687166526053,57.734066,90.75315,99.862114,62.719822,168.24696,244.19627,289.41537,168.20149,161.13222,177.61499,264.42838,121.635315,20.669203,21.092731,19.012589,17.243309,1.198607689972011,0.7619043990931433,1.9090900413227085,38.18961142880896,0.0,255.0,59.52066223671162,-0.025963401890185228,-0.4,0.31958762886597936,Avicenna
7.373068420671637,1.769619869873814,58.604797,93.42071,103.0599,64.022285,170.77318,251.50272,298.77847,171.80034,164.37433,185.21477,274.22574,126.466225,24.867723,26.390274,22.724379,22.34376,1.1971066498922183,0.6666662222225186,2.047618072562823,38.25602264194536,0.0,255.0,59.443815629873505,-0.026333663392373384,-0.4117647058823529,0.2941176470588236,Avicenna
6.508816780742858,1.823325504067071,72.132256,71.45425,97.60709,94.130554,210.85892,193.64104,284.53674,256.5667,213.6485,158.75237,275.36224,211.31871,61.195454,48.168346,45.209423,53.68642,1.172911515157585,0.8145160633454788,1.6470583391004883,75.12401091180021,0.0,255.0,46.48508439669156,-0.15881004047102007,-0.7565217391304349,0.09803921568627454,Avicenna
7.17393619001118,1.7557059409131452,88.90119,71.83574,87.67798,100.22608,259.1284,193.38693,254.72244,271.16937,253.2262,149.48087,239.73737,211.00163,52.667976,37.40239,32.168465,44.145515,1.287213525612922,0.8455881731185166,2.081080518626887,74.91684935701655,0.0,255.0,58.274314810984826,-0.0651656163936215,-0.7209302325581396,0.3205128205128205,Avicenna
7.127129330616789,1.7451464651453228,92.44643,74.71342,92.43152,105.41548,269.28314,200.89944,268.48758,285.02762,261.10315,153.66704,252.4791,220.29375,50.155148,36.971706,34.08004,44.357456,1.291234326360702,0.8588234283737143,2.111110524691521,78.22025327837105,0.0,255.0,57.68913780224644,-0.07276304083843059,-0.7142857142857143,0.36486486486486486,Avicenna
7.173294239748923,1.7522699824446528,88.99111,72.016304,88.31921,100.75389,259.25476,193.73474,256.55957,272.4354,251.56068,147.1861,240.80124,209.22945,48.185158,31.450476,30.113346,38.042496,1.284545672015071,0.858155967506669,1.999999500000125,75.10739012215676,0.0,255.0,57.9721727538566,-0.06679492967514522,-0.6326530612244898,0.31360946745562135,Avicenna
7.119409055825837,1.7434881852926893,92.71549,74.93968,92.7542,105.76547,270.06393,201.49957,269.4203,285.97116,261.82663,154.0683,253.31343,220.98616,50.22611,37.020374,34.124134,44.44353,1.2919934462680964,0.8588234283737143,2.111110524691521,78.45574519264193,0.0,255.0,57.684058897957485,-0.07315098575246025,-0.7142857142857143,0.36486486486486486,Avicenna
7.4193643306108505,1.8444373717613436,46.16023,73.49769,83.871826,53.129005,134.94691,197.31319,243.26282,143.48093,132.20422,142.0956,223.16594,108.41342,19.044504,17.489614,15.2566,17.07481,1.1622397562834619,0.7916665017361454,1.892856804846999,141.75199624471097,0.0,255.0,76.3123453207809,-0.07040807473138533,-0.5180722891566265,0.21126760563380287,Avicenna
7.406511601434069,1.8272279473647788,41.065727,62.453815,69.47968,45.239124,120.19637,168.13522,201.78978,122.63087,120.28807,125.74119,187.98744,97.302864,24.575119,21.967785,18.564463,21.771534,1.146635826473983,0.7755100458142763,1.9499995125001217,140.0253543741512,0.0,255.0,78.61685505319149,-0.055962166882481124,-0.688888888888889,0.2653061224489796,Avicenna
7.413579098746457,1.841374750941356,43.298763,68.24764,77.766655,49.67171,126.65597,183.51535,225.78549,134.45406,125.95386,135.62152,209.81735,105.157074,24.262938,22.06622,20.247866,21.94122,1.1562455343835394,0.7826085255198857,1.894736509695349,141.69974408112404,0.0,255.0,77.66933321875135,-0.06476942990015236,-0.6417910447761194,0.2549019607843137,Avicenna
7.421450719941278,1.8389031139409702,46.079796,73.12647,83.57851,53.132977,134.71477,196.29543,242.40543,143.46353,131.987,141.12436,222.4884,108.13228,18.983505,17.041325,15.84682,16.70264,1.1648965943177712,0.7857140051021411,2.0344820570751527,139.70827348605445,0.0,255.0,75.58120284644332,-0.07131146535522653,-0.4922279792746114,0.19148936170212766,Avicenna
7.165147827111689,1.7746800259432811,173.07303,184.26376,182.50038,162.41347,503.4687,497.9594,530.3437,438.214,475.02847,372.37747,493.69177,325.65173,52.54265,50.849487,39.521988,46.05195,1.2215531159734583,0.7747747049752518,1.9999993103450655,111.93219109431793,0.0,255.0,62.9910413664507,-0.14070900193094565,-0.8144329896907218,0.288135593220339,Avicenna
7.166955831783066,1.7804338542339944,171.19615,182.30716,180.72989,160.8259,497.87527,492.67728,525.2395,433.93347,469.6261,368.4765,489.28665,322.44217,54.712147,50.262287,39.653316,45.369343,1.2148266977252333,0.7809523065759708,1.9444439043211375,113.91923141063847,0.0,255.0,63.79400248129865,-0.13814402885552898,-0.7979797979797981,0.2918287937743191,Avicenna
6.890595776534991,1.7475336732717692,90.59516,83.42619,102.7272,104.963135,263.82257,225.80748,299.049,283.24658,257.70935,180.34546,285.95068,218.59259,59.152637,47.29741,42.53608,48.69914,1.2743517137540958,0.8089887185961394,1.8599996280000743,48.86995229034631,0.0,255.0,69.02440772596952,0.031720877530579804,-0.3092369477911646,0.2717948717948718,Avicenna
7.1591104626813475,1.786504083594206,171.81607,183.74132,182.22115,161.44336,499.72116,496.57202,529.6311,435.63943,470.62756,371.5885,493.92523,324.07648,50.598312,50.994484,40.95598,46.113945,1.2168620795858482,0.760330515675164,1.918918400292324,113.79882326027237,0.0,255.0,63.651974687995704,-0.1390568190402053,-0.9047619047619048,0.2961373390557939,Avicenna
7.13825616679144,1.7711871845892229,184.32063,195.88522,196.25455,175.1657,536.0247,529.27905,570.2439,472.3352,502.80115,392.55923,528.73816,346.7213,47.053223,46.246475,35.013607,41.03712,1.2220782760313686,0.7768594399289719,1.8499995375001155,113.06695714785772,0.0,255.0,62.78427344088426,-0.14797570943465235,-0.8148148148148147,0.2936170212765957,Avicenna
7.392250100491342,1.7743377125268969,71.890236,99.6772,143.96313,110.28359,208.54669,265.95734,416.98898,294.7738,192.80498,183.19945,377.89978,204.61389,18.732649,18.223173,19.737913,19.613955,1.1437358669949207,0.7716048906416734,1.6896545897742794,52.06486174236232,0.0,255.0,56.08051422903792,-0.05720297232185201,-0.4298245614035088,0.15384615384615383,Avicenna
7.378117966559909,1.7872314769473179,71.865425,101.06586,147.75827,112.56821,208.47583,269.78644,428.10117,301.00308,193.84686,188.1895,389.78348,211.27304,23.555958,23.278677,25.248224,24.78747,1.1449507061159052,0.7668711185968639,1.733332755555748,52.254572553687126,0.0,255.0,56.103763010347,-0.057402829388936885,-0.4262295081967213,0.15422885572139305,Avicenna
7.378927331925944,1.770165745765389,71.56935,100.2456,145.37997,110.792046,207.6042,267.5606,421.12958,296.21817,192.95251,185.90144,382.55804,207.18419,23.404919,21.572117,22.998293,22.8974,1.1442189813945403,0.7735848570072417,1.6999994333335222,52.09017626484875,0.0,255.0,55.9804653062295,-0.05835545494592402,-0.4163424124513619,0.15151515151515152,Avicenna
7.380115681442752,1.7885564874724074,71.61408,100.59483,146.7527,111.80791,207.76422,268.39117,425.0634,298.8353,192.45886,184.86186,385.52066,207.42178,19.855236,18.45198,21.584558,19.941153,1.1445068964952474,0.76543205151654,1.758620083234454,52.269676661010685,0.0,255.0,56.09234243030343,-0.057306590915091646,-0.4185022026431718,0.14503816793893134,Avicenna
7.369506898154057,1.728475054045267,66.78066,120.37044,180.85825,120.775116,194.27003,323.6406,524.4833,323.77048,183.05194,233.93811,479.83133,229.81827,19.0731,27.452156,29.07967,25.70913,1.13504771865298,0.4999998437500488,2.1999978000022002,35.16652284216086,0.0,255.0,56.733574534102914,-0.037558193373999425,-0.6470588235294118,0.28205128205128205,Avicenna
7.4131324841445,1.74145584192356,78.52281,143.01152,215.50636,143.27545,228.24733,384.14398,624.76385,383.6853,213.05757,273.8215,569.52826,268.34338,18.06268,26.571413,30.560686,24.368832,1.1309481061933668,0.583333090277879,1.9999983333347222,34.998709041463286,0.0,255.0,56.649154497214184,-0.034072877412148685,-0.6744186046511628,0.26666666666666666,Avicenna
7.41228881053812,1.7348055847889816,77.42937,140.94609,212.4625,141.32631,225.10835,378.7748,616.0855,378.66617,210.8229,272.22906,563.23517,267.18805,19.89268,30.137505,33.622158,28.071312,1.1311901640994508,0.5595237429138401,2.42856795918863,35.294491284237985,0.0,255.0,56.75272407090666,-0.034118428429848094,-0.6,0.2857142857142857,Avicenna
7.409193935726337,1.7434858492526444,77.07616,140.03552,210.98296,140.43745,224.08894,376.1744,611.6873,376.1273,209.14261,268.09393,557.61554,263.09427,16.434248,25.703392,29.030897,23.607555,1.1305342921498,0.540540394448542,2.111108765434705,34.933516839106645,0.0,255.0,56.53079074051813,-0.0342983102780487,-0.6363636363636365,0.33333333333333337,Avicenna
7.468715114306757,1.772375348113041,204.30315,274.14417,277.8076,196.2655,597.75397,746.7654,811.262,533.5425,584.3944,585.67944,781.5425,418.59335,67.140274,86.06915,78.36268,70.578316,1.2292285521881037,0.5384613313610264,2.157893601108631,94.0578746200192,0.0,255.0,80.34680119603775,0.014563531289552218,-0.5538461538461539,0.3333333333333333,Avicenna
7.16956469649624,1.8331307141038098,143.03957,213.83617,272.8812,191.17323,414.90692,574.9151,792.74335,512.6019,383.14105,412.75418,733.48615,362.807,36.22054,43.73564,45.520103,38.752575,1.2542071899979184,0.7464114475401221,1.7812494433595487,48.71805917081636,0.0,255.0,72.8198197242342,0.033660708345079025,-0.4764397905759163,0.2753623188405797,Avicenna
7.16956469649624,1.8313873146833397,143.03952,213.83604,272.88123,191.17325,414.90683,574.91516,792.74365,512.60205,383.141,412.75397,733.48584,362.80713,36.22052,43.735638,45.52013,38.752563,1.2542071899979195,0.7464114475401221,1.7812494433595487,48.71805917081636,0.0,255.0,72.8198197242342,0.03366070834507906,-0.4764397905759163,0.2753623188405797,Avicenna
7.16956469649624,1.8331307141038098,143.03957,213.83617,272.8812,191.17323,414.90692,574.9151,792.74335,512.6019,383.14105,412.75418,733.48615,362.807,36.22054,43.73564,45.520103,38.752575,1.2542071899979184,0.7464114475401221,1.7812494433595487,48.71805917081636,0.0,255.0,72.8198197242342,0.033660708345079025,-0.4764397905759163,0.2753623188405797,Avicenna
7.16956469649624,1.8313873146833397,143.03952,213.83604,272.88123,191.17325,414.90683,574.91516,792.74365,512.60205,383.141,412.75397,733.48584,362.80713,36.22052,43.735638,45.52013,38.752563,1.2542071899979195,0.7464114475401221,1.7812494433595487,48.71805917081636,0.0,255.0,72.8198197242342,0.03366070834507906,-0.4764397905759163,0.2753623188405797,Avicenna
7.186753830601495,1.7741760791719527,112.38248,152.37334,188.67365,141.1543,327.98303,412.58987,548.7701,381.6008,318.33658,315.58878,513.82983,289.2487,46.98041,50.55791,41.96326,46.24022,1.2471057266342975,0.6341463027959572,1.891303936673057,114.30165657537347,0.0,255.0,54.89966325024521,-0.14397624195336378,-0.9213483146067415,0.2871287128712871,Avicenna
7.186753830601495,1.7819979019316974,112.38244,152.37338,188.67351,141.1543,327.9827,412.5898,548.7704,381.60062,318.33646,315.58878,513.82983,289.24844,46.980404,50.557888,41.96329,46.240196,1.2471057266342984,0.6341463027959572,1.891303936673057,114.30165657537347,0.0,255.0,54.89966325024521,-0.1439762419533638,-0.9213483146067415,0.2871287128712871,Avicenna
7.186753830601495,1.7741760791719527,112.38248,152.37334,188.67365,141.1543,327.98303,412.58987,548.7701,381.6008,318.33658,315.58878,513.82983,289.2487,46.98041,50.55791,41.96326,46.24022,1.2471057266342975,0.6341463027959572,1.891303936673057,114.30165657537347,0.0,255.0,54.89966325024521,-0.14397624195336378,-0.9213483146067415,0.2871287128712871,Avicenna
7.186753830601495,1.7819979019316974,112.38244,152.37338,188.67351,141.1543,327.9827,412.5898,548.7704,381.60062,318.33646,315.58878,513.82983,289.24844,46.980404,50.557888,41.96329,46.240196,1.2471057266342984,0.6341463027959572,1.891303936673057,114.30165657537347,0.0,255.0,54.89966325024521,-0.1439762419533638,-0.9213483146067415,0.2871287128712871,Avicenna
7.358910060803391,1.760409570002523,58.730392,99.52591,123.09587,77.565926,170.85023,268.52527,357.10797,207.46277,161.29514,198.57149,327.3848,146.22438,18.15787,25.191433,19.470337,18.163006,1.194880909686618,0.7142852040819971,1.9999990909095042,40.93554039110835,0.0,255.0,54.6366892777652,-0.05818543613830114,-0.4675324675324676,0.2755905511811023,Avicenna
7.358910060803391,1.7617772773436797,58.730392,99.52595,123.09588,77.565865,170.85017,268.52518,357.10797,207.46283,161.29506,198.57158,327.38477,146.22437,18.157866,25.19145,19.470345,18.163008,1.1948809096866173,0.7142852040819971,1.9999990909095042,40.93554039110835,0.0,255.0,54.6366892777652,-0.058185436138301135,-0.4675324675324676,0.2755905511811023,Avicenna
7.156993266779437,1.7399511899896876,97.20587,120.8601,114.6951,85.514725,283.15594,324.53625,332.2413,230.06412,269.4852,231.26292,301.5089,167.55559,30.259712,23.387478,16.868618,20.947214,1.2421849215827119,0.6902654256402277,1.8823523875434152,55.62369331391047,0.0,255.0,55.36756105541105,-0.059037795587449045,-0.5596330275229358,0.25190839694656486,Avicenna
7.358910060803391,1.760409570002523,58.730392,99.52591,123.09587,77.565926,170.85023,268.52527,357.10797,207.46277,161.29514,198.57149,327.3848,146.22438,18.15787,25.191433,19.470337,18.163006,1.194880909686618,0.7142852040819971,1.9999990909095042,40.93554039110835,0.0,255.0,54.6366892777652,-0.05818543613830114,-0.4675324675324676,0.2755905511811023,Avicenna
7.358910060803391,1.7617772773436797,58.730392,99.52595,123.09588,77.565865,170.85017,268.52518,357.10797,207.46283,161.29506,198.57158,327.38477,146.22437,18.157866,25.19145,19.470345,18.163008,1.1948809096866173,0.7142852040819971,1.9999990909095042,40.93554039110835,0.0,255.0,54.6366892777652,-0.058185436138301135,-0.4675324675324676,0.2755905511811023,Avicenna
7.194681515714254,1.7843283505519743,60.23556,65.68586,95.15249,85.647995,175.49707,177.01924,275.98074,230.16316,170.80254,135.69049,255.08249,170.58162,34.507053,29.470566,25.672064,30.384254,1.1729754302683166,0.8106059991965152,1.7307685650890134,41.341298499509584,0.0,255.0,71.08469524530331,0.01414765259361065,-0.39226519337016574,0.34640522875817,Avicenna
7.194681515714254,1.789115144528602,60.23552,65.68585,95.15239,85.64792,175.49698,177.01932,275.98074,230.16325,170.80258,135.69043,255.08237,170.58154,34.507072,29.470558,25.672062,30.384302,1.1729754302683169,0.8106059991965152,1.7307685650890134,41.341298499509584,0.0,255.0,71.08469524530331,0.014147652593610664,-0.39226519337016574,0.34640522875817,Avicenna
7.194681515714254,1.7843283505519743,60.23556,65.68586,95.15249,85.647995,175.49707,177.01924,275.98074,230.16316,170.80254,135.69049,255.08249,170.58162,34.507053,29.470566,25.672064,30.384254,1.1729754302683166,0.8106059991965152,1.7307685650890134,41.341298499509584,0.0,255.0,71.08469524530331,0.01414765259361065,-0.39226519337016574,0.34640522875817,Avicenna
7.194681515714254,1.789115144528602,60.23552,65.68585,95.15239,85.64792,175.49698,177.01932,275.98074,230.16325,170.80258,135.69043,255.08237,170.58154,34.507072,29.470558,25.672062,30.384302,1.1729754302683169,0.8106059991965152,1.7307685650890134,41.341298499509584,0.0,255.0,71.08469524530331,0.014147652593610664,-0.39226519337016574,0.34640522875817,Avicenna
6.996549103935568,1.8126006158739947,122.06016,173.34552,221.45123,161.04991,353.87546,466.3634,642.806,430.0438,325.5325,337.4781,593.77954,298.03827,29.798151,38.465885,45.69162,32.198395,1.501088772128077,0.9733332035555728,2.5172405112963756,87.22977710858109,0.0,255.0,66.66503776461731,0.00806214422546198,-0.41401273885350315,0.36,Avicenna
6.996628492840361,1.794299967255968,122.02058,170.56741,216.34239,158.80258,353.96808,458.66974,627.5973,423.92703,326.7875,329.33774,574.43884,291.74127,29.817148,33.668934,30.758045,27.836506,1.5023540137094418,0.9629628440786612,2.3928562882656115,86.8598090765943,0.0,255.0,66.69006111048625,0.008438706731731823,-0.3875,0.36263736263736257,Avicenna
7.01022862547334,1.8073559429237385,114.64011,155.85126,199.45271,149.90523,332.5869,419.25995,578.6143,400.2808,307.54373,303.124,530.15173,277.01105,29.476315,34.37709,30.443008,29.170052,1.4943502669883106,0.9182389359598153,2.6399989440004226,84.53131012335899,0.0,255.0,67.0156600719594,0.011376402962415735,-0.5172413793103449,0.36,Avicenna
7.01022862547334,1.8065752618851567,114.64016,155.8512,199.45285,149.90524,332.58676,419.2599,578.6148,400.28055,307.5438,303.1239,530.1516,277.01132,29.47633,34.37712,30.443005,29.17008,1.4943502669883104,0.9182389359598153,2.6399989440004226,84.53131012335899,0.0,255.0,67.0156600719594,0.011376402962415743,-0.5172413793103449,0.36,Avicenna
6.8470436182002175,1.761822496557255,136.37625,148.00587,172.46318,153.0796,397.80173,400.1921,501.5321,413.8283,381.4484,299.37177,467.91608,309.3631,41.624126,38.50203,33.15799,39.889156,1.2038747418889133,0.8833332597222283,1.7192979439828167,78.46684814237425,0.0,255.0,45.579820162649675,-0.15828837214092803,-0.6296296296296295,0.15112540192926036,Avicenna
7.132581137747178,1.7326536036116076,91.07675,114.096565,108.85493,80.62318,265.36206,306.44147,315.40118,216.9839,253.65508,219.21655,287.31033,158.88287,31.731894,23.28836,18.84096,20.830097,1.2417915977350051,0.6890755723465906,1.968749384765817,54.78624520032287,0.0,255.0,55.050557102013414,-0.059934575131124185,-0.5800000000000001,0.25581395348837205,Avicenna
6.924518909209613,1.722421862818071,109.780716,119.69497,193.00652,175.1069,318.53183,320.41077,560.01984,470.26688,293.64706,224.41295,513.1799,334.10153,23.224371,22.267353,27.122458,30.77233,1.236899411610679,0.8299999170000083,1.7708329644097989,58.82531056449292,0.0,255.0,56.10807526572341,-0.03856659377392622,-0.41935483870967744,0.17999999999999997,Avicenna
6.909195297857055,1.7111503074612762,118.106834,125.95528,201.4545,185.19002,342.61325,337.20834,584.60535,497.48904,316.06552,237.87451,537.0874,355.72318,27.846098,27.512798,32.55975,37.1265,1.2420002180679595,0.8086955818525581,1.8113204129584126,59.06806562091998,0.0,255.0,56.62641728836359,-0.03859939379287337,-0.411764705882353,0.18867924528301885,Avicenna
6.716936137193554,1.883814086712864,75.22011,94.73922,131.35713,106.3772,218.73366,254.39226,381.9739,286.22604,205.39594,184.1403,357.46707,208.52722,20.522429,24.827885,30.544226,26.01372,1.1769343613701444,0.37323941033525276,1.6249997098214803,128.13948433340045,0.0,255.0,35.360004236861535,-0.31107327117471734,-1.0,0.07142857142857141,Sonneratia
7.148496076035521,1.8564030072331292,83.418335,117.48341,165.31801,124.66756,242.04628,315.24368,480.5965,334.73117,222.37494,222.21921,446.83032,237.11278,14.162596,19.10714,28.833109,20.99292,1.37592707627315,0.5595237429138401,2.769228639054893,63.187950708118386,0.0,255.0,75.74483506159007,0.06624559984309292,-0.5211267605633803,0.3953488372093023,Sonneratia
7.100359970794173,1.8285189861984743,87.397736,95.67607,87.949005,75.238716,254.41336,258.27985,255.72377,203.27821,240.90663,193.05525,239.80917,154.34601,26.063265,27.773445,23.18929,25.890104,1.4307480178723633,0.6708074117510924,2.363635647383137,72.4377033584201,0.0,255.0,68.09791825816734,0.036249080117214456,-0.5802469135802469,0.36708860759493667,Sonneratia
7.100359970794173,1.8384837211304268,87.39773,95.67616,87.94904,75.23875,254.4132,258.27997,255.7238,203.27803,240.9066,193.0553,239.80913,154.3461,26.063257,27.773415,23.189299,25.890097,1.430748017872362,0.6708074117510924,2.363635647383137,72.4377033584201,0.0,255.0,68.09791825816734,0.036249080117214415,-0.5802469135802469,0.36708860759493667,Sonneratia
6.431461210652927,1.8641198606179346,94.4226,81.73652,92.18054,100.1223,274.8591,220.61192,268.36157,270.42465,259.0403,164.0519,253.28044,201.32913,22.853891,22.252722,23.199615,26.163172,1.2196096904921254,0.8132779745527812,1.5806449063475956,101.68230670595837,0.0,255.0,39.60337761889693,-0.2797587285068121,-0.781021897810219,-0.016129032258064516,Sonneratia
6.380374284692724,1.828642299555403,102.729126,81.298676,81.52589,98.12628,298.5207,218.3065,236.75468,263.7218,276.6554,154.98112,218.52649,187.85323,17.045462,14.447351,13.369063,16.90115,1.2296835078878088,0.8071427994898001,1.646153592899447,102.86163579208238,0.0,255.0,40.01312664253242,-0.2810075390813308,-0.7477477477477477,-0.009259259259259226,Sonneratia
6.361181363695235,1.832274523536581,102.46603,85.67809,79.32316,91.3203,297.8,230.21153,230.42453,245.1992,276.69315,164.45251,213.34338,174.30035,19.016264,16.38958,14.257534,16.859102,1.226390327629094,0.8106995551152446,1.5733331235555834,102.3747521585078,0.0,255.0,40.05126820676977,-0.2752403037406692,-0.7404580152671756,0.010526315789473646,Sonneratia
7.173698025662573,1.8852463829464599,101.41605,74.54961,76.39324,98.72038,295.07016,199.56908,221.80484,267.47653,276.587,140.6245,204.74898,203.03749,21.562464,15.495134,13.714542,27.446762,1.5169477332231147,0.5478260393194748,3.363633305787904,81.1332542887996,0.0,255.0,70.36803512147276,0.05480969633786635,-0.45045045045045035,0.5111111111111112,Sonneratia
7.173698025662573,1.8788454897569202,101.41604,74.54961,76.39326,98.72035,295.07007,199.56876,221.80493,267.4765,276.587,140.62454,204.74904,203.03754,21.562464,15.495136,13.714546,27.446756,1.5169477332231136,0.5478260393194748,3.363633305787904,81.1332542887996,0.0,255.0,70.36803512147276,0.054809696337866316,-0.45045045045045035,0.5111111111111112,Sonneratia
7.27840698622079,1.872589607813838,128.47858,110.17225,102.69813,114.95473,372.0715,295.2157,297.2154,307.6871,335.78333,206.82375,267.23105,213.67378,13.073145,18.36093,10.940619,17.756207,1.1400064549559183,0.6458332660590348,1.965516563614978,133.2505953391429,0.0,255.0,32.04862859797042,-0.3371890866399435,-1.0,0.032911392405063314,Sonneratia
7.293589963684026,1.867205626106835,165.15706,126.27548,122.16817,153.57764,479.4894,338.63724,354.12598,412.84854,440.98672,239.04794,322.45203,295.41187,23.412527,23.001787,16.846123,28.74,1.142639704868396,0.608247359974499,1.838709084287392,132.25262568139806,0.0,255.0,32.10023831249057,-0.33805563253125026,-1.0,0.07692307692307693,Sonneratia
7.050820460611181,1.8075438612298576,131.56314,166.03772,132.57056,91.23686,382.5662,446.84253,384.6575,244.92833,358.1157,322.08835,353.14655,176.46432,31.174372,32.231236,21.63237,22.687597,1.1615351128823215,0.683615780586679,2.8399988640004543,113.06485847738489,0.0,255.0,39.3880952780153,-0.12918895258443852,-1.0,0.11538461538461542,Sonneratia
6.7675036434920575,1.8657971453985391,61.438484,61.307293,56.46332,53.64273,179.01802,165.58812,164.3909,145.51497,171.1144,125.565,155.95895,113.84147,21.129719,21.071009,17.465197,21.261135,1.6181540617279946,0.7235771769449449,2.714285160349967,126.00369247547273,0.0,255.0,61.48193974774374,-0.03991096127681993,-0.45205479452054803,0.35,Sonneratia
6.7633021216271185,1.8689987838156668,61.331604,61.133785,56.290333,53.542583,178.70787,165.11365,163.88531,145.24104,170.83772,125.18022,155.47865,113.6285,21.14753,21.002121,17.457378,21.249823,1.6158097414772576,0.7045454011708029,2.70270197224271,125.90434280964931,0.0,255.0,61.81030449715022,-0.03841152984484161,-0.3706293706293706,0.38461538461538464,Sonneratia
6.585459060699732,1.8477579557279402,143.63576,119.05973,82.42783,100.99066,416.88086,319.40744,239.25076,270.56787,384.53088,226.81578,220.7928,191.42198,28.443321,23.325478,16.386639,21.208185,1.294585873985571,0.41584154298598586,1.7460314688838938,121.14303905375886,0.0,255.0,41.83117729589571,-0.29731879324863664,-1.0,0.039711191335740026,Sonneratia
6.72186468515571,1.8652732016222062,102.348495,108.77625,106.36863,94.36348,296.89114,291.776,308.14233,251.83215,272.25977,204.66255,278.92374,171.81369,17.217365,16.265223,11.98766,13.466639,1.2166435079191622,0.6862744425221134,1.6842102308403102,93.93564322540307,0.0,255.0,49.46831114254379,-0.16329941794514344,-0.6124031007751939,0.13333333333333333,Sonneratia
7.082344816635826,1.8684087688372437,43.375732,73.72508,106.51018,72.03059,125.71154,196.66733,309.36075,192.75507,114.655136,133.29607,285.75772,133.36604,7.3152246,9.323547,17.153809,10.260376,1.3761539543113162,0.720588129325275,3.333327777787037,81.89799127347355,0.0,255.0,70.70655395265243,0.04057429447199738,-0.4805194805194805,0.5483870967741935,Sonneratia
6.999186605464813,1.7986749864369407,56.839138,82.36846,97.740074,68.21325,165.75313,222.2131,284.80093,184.37662,160.27394,166.12685,270.63452,140.39711,24.267181,24.968473,26.425833,23.735155,1.2938529734364932,0.5984848031450907,1.956520888469179,89.17137287334593,0.0,255.0,45.5325397763075,-0.17594052584177888,-1.0,0.175,Sonneratia
6.757392343294873,1.8948254588489333,56.963703,61.21418,61.50772,54.133484,165.3947,164.37643,178.4717,145.29141,154.34203,120.02309,165.54465,106.43714,17.46588,18.338741,17.33867,17.576519,1.2762514215659309,0.6346152625739879,1.866666251851944,116.97856307529803,0.0,255.0,40.75857612560359,-0.3247305114938924,-1.0,0.014705882352941124,Sonneratia
6.6683885564000445,1.8426416588064316,44.898186,69.59316,84.66906,56.465702,130.41023,186.01225,245.18832,151.02068,121.72572,129.34586,222.34918,106.16583,12.721442,13.127359,13.6115465,12.380899,1.2762280864224516,0.7094594115230127,1.9268287983344392,125.7686261710712,0.0,255.0,40.50020950285036,-0.33814883561415837,-0.839572192513369,0.01706484641638229,Sonneratia
6.458761402400226,1.8484018064245902,92.478806,82.56739,94.840355,99.95078,269.12888,222.57301,275.93094,269.59653,252.50102,162.76001,258.32648,197.55258,19.158077,18.288036,18.936735,21.676023,1.220009171915978,0.8181817790343646,1.62903199531742,102.3707370049642,0.0,255.0,39.55721525455368,-0.28217207885206247,-0.7567567567567568,0.02127659574468085,Sonneratia
7.2443948860786325,1.8630161101185707,131.49356,116.97442,108.96308,117.17735,380.7686,313.44833,315.31815,313.40866,343.29004,218.93083,283.0852,215.99539,12.722198,17.929195,10.452638,16.189524,1.1542912282413191,0.6538460700197346,1.714285102041035,134.7513180063603,0.0,255.0,32.56902152640604,-0.34090602564394384,-0.9736842105263159,0.007228915662650577,Sonneratia
6.624587686686748,1.8675233040408052,134.85641,109.73455,77.54659,97.02139,391.34134,294.39856,225.10252,259.9027,359.83698,208.66725,207.4732,182.95032,23.171345,20.426207,13.776832,18.326962,1.2882310547613935,0.4343433904703646,1.774193262226893,116.67063580559847,0.0,255.0,41.749942768445564,-0.2863039875787764,-1.0,0.04237288135593223,Sonneratia
7.27840698622079,1.8627994729078972,128.47868,110.17224,102.69815,114.95468,372.07175,295.2157,297.21527,307.68723,335.7832,206.82364,267.231,213.6737,13.073145,18.360935,10.940619,17.756197,1.1400064549559177,0.6458332660590348,1.965516563614978,133.2505953391429,0.0,255.0,32.04862859797042,-0.3371890866399431,-1.0,0.032911392405063314,Sonneratia
7.205864335518348,1.8329110776069988,59.523342,84.298615,117.76259,88.21131,172.32866,224.32257,340.90042,236.40556,155.88054,149.86191,306.86044,165.93964,8.863921,10.198624,11.919779,14.957648,1.4320498668542978,0.6341462899068057,2.3214277423472347,81.96129315261948,0.0,255.0,73.91946426306232,0.06591144962945243,-0.4375,0.3009708737864078,Sonneratia
6.690035353153583,1.8663217425999405,58.67118,58.709637,56.61209,53.65093,170.88588,158.0896,164.74171,145.4578,162.22606,116.32524,155.34329,112.09532,16.969334,15.677985,15.368967,17.723103,1.6225499298476482,0.7196969151744761,2.783783031409991,129.69467374576791,0.0,255.0,60.52515184159228,-0.04988417536120998,-0.38666666666666666,0.35,Sonneratia
7.173698025662573,1.8852463829464599,101.41605,74.54961,76.39324,98.72038,295.07016,199.56908,221.80484,267.47653,276.587,140.6245,204.74898,203.03749,21.562464,15.495134,13.714542,27.446762,1.5169477332231147,0.5478260393194748,3.363633305787904,81.1332542887996,0.0,255.0,70.36803512147276,0.05480969633786635,-0.45045045045045035,0.5111111111111112,Sonneratia
7.024504730408098,1.8738504114569208,82.015755,101.04356,107.10335,83.33682,238.195,272.53976,311.28806,224.99309,221.24112,200.8193,289.69922,167.8695,19.085543,24.559198,21.701324,23.27888,1.4190482667239657,0.747899096815202,3.4615357988186166,72.49744635871141,0.0,255.0,68.90552756334759,0.039887186622925085,-0.31360946745562135,0.3181818181818182,Sonneratia
7.021579900085321,1.8612244839653695,99.18391,117.62353,112.58023,88.49135,287.86044,314.76483,326.91132,237.75545,264.6257,218.22208,301.5203,170.26608,15.849421,17.648088,18.142656,17.607346,1.525460986275012,0.5287355714097044,2.6296286556930903,86.02127101218224,0.0,255.0,69.34249771843392,0.05124557713751878,-0.3286713286713287,0.3975903614457831,Sonneratia
7.117200377397825,1.819535301396201,29.161963,27.453428,48.18423,47.901222,85.02093,73.94742,139.81294,129.09195,81.84024,56.173996,129.28125,95.764984,11.333072,11.22468,11.7851305,13.927556,1.5902780422307343,0.5597483924686546,3.222218641979287,79.82026475497963,0.0,255.0,70.52621908952014,0.05314420587443391,-0.3548387096774194,0.3793103448275862,Sonneratia
7.0807517420947566,1.8672552006975485,48.453255,47.396572,55.63411,53.891476,140.724,127.09462,161.46848,144.43228,131.88908,93.16353,150.52657,104.74461,16.382275,16.349863,18.011515,16.71502,1.3085820854089012,0.6779660633917478,2.1034475505353276,64.50402738088502,0.0,255.0,72.30266599941527,0.021746923417651064,-0.5602836879432624,0.2328767123287672,Sonneratia
6.771088854579367,1.828317003883486,67.08793,64.66636,74.7558,73.35507,194.36876,172.55313,216.67194,196.42252,176.43277,117.65917,197.06696,137.03723,9.2394285,9.441994,9.841809,11.964762,1.0734409967863354,0.4999999662162185,1.5588230709343907,72.49532953495171,0.0,255.0,38.36683147540365,-0.25756233011533197,-0.9534883720930231,0.20610687022900767,Sonneratia
7.1017812512394745,1.854301857216338,62.694035,84.84729,117.71134,90.81237,182.16257,228.12326,342.4527,244.17921,169.73767,164.45764,320.93817,176.08673,14.924718,18.402725,25.459206,19.555328,1.3557527755948895,0.7399998520000296,2.3571411734705903,60.02127858033976,0.0,255.0,78.84347083333873,0.07377319819612715,-0.5206611570247934,0.3777777777777778,Sonneratia
7.1740742337435215,1.8852876931985687,101.582504,74.81707,76.76009,98.975555,295.56195,200.33939,222.9421,268.2112,277.12183,141.49068,206.47166,203.87936,21.741016,15.8189535,14.958421,27.810863,1.5155505152891773,0.5793650333837275,3.272724297523366,81.05901137156708,0.0,255.0,70.38383872321563,0.054715379725687636,-0.4805194805194805,0.4883720930232558,Sonneratia
6.825035428797974,1.858987117788475,56.36026,59.905613,55.261055,48.942604,164.35663,161.95119,161.11948,133.21104,159.36478,124.40752,154.59439,107.73459,26.00121,23.15452,19.108532,23.887167,1.452494631333719,0.8121211629017477,2.1509429903881148,85.73662955305983,0.0,255.0,72.64621337405238,0.07074995550340234,-0.2413793103448276,0.46153846153846156,Sonneratia
7.091126160052542,1.862509443757357,46.17847,50.943493,42.88636,35.773815,134.31108,136.91664,124.81268,96.43095,126.480804,99.87122,118.291954,72.770256,13.48986,13.676516,13.959029,12.645064,1.460234305458559,0.6647726895015518,2.3636352892566865,73.13795338105817,0.0,255.0,68.60708247071959,0.047872554668242244,-0.39705882352941174,0.2857142857142857,Sonneratia
7.100359970794173,1.8285189861984743,87.397736,95.67607,87.949005,75.238716,254.41336,258.27985,255.72377,203.27821,240.90663,193.05525,239.80917,154.34601,26.063265,27.773445,23.18929,25.890104,1.4307480178723633,0.6708074117510924,2.363635647383137,72.4377033584201,0.0,255.0,68.09791825816734,0.036249080117214456,-0.5802469135802469,0.36708860759493667,Sonneratia
6.906209422021098,1.8773971542292547,99.23954,72.42633,75.37914,97.81658,288.27545,194.69456,218.82393,264.42084,266.72668,140.36894,201.94931,196.85419,17.137806,15.761391,14.220852,23.493904,1.1314873442057773,0.6688741278891306,1.5599993760002495,92.56435317832175,0.0,255.0,37.96490902226746,-0.30885279921819264,-0.6992481203007519,0.13600000000000004,Sonneratia
7.028794024606533,1.8287696016599724,44.231483,53.758167,55.034966,42.873684,128.49046,144.30707,159.7419,114.96608,119.706726,103.44993,147.90532,82.52911,11.124263,11.861173,13.075784,10.605806,1.3236344603703183,0.3827160021338269,1.8297868447262031,80.90682813271887,0.0,255.0,64.80844008634982,-0.015331445594142411,-0.5283018867924528,0.2207792207792208,Sonneratia
6.847828912906985,1.8538293738176843,63.631775,59.348858,61.822628,62.83137,185.19191,159.73415,179.90988,169.39093,175.4143,118.11408,170.39282,126.26545,20.170424,17.701246,19.92998,18.73976,1.2662639664341238,0.5681816890496161,1.9285707397961644,112.03051458221626,0.0,255.0,44.79458174999917,-0.25627983100843,-1.0,0.07221006564551422,Sonneratia
6.789716082296018,1.8881487984741938,29.214376,29.762833,29.817644,27.702885,84.90267,79.98962,86.63802,74.41047,79.81617,59.280827,81.38666,55.205357,9.604794,10.222084,9.975615,9.973117,1.4872014291218463,0.6918238558601348,2.368419806094839,77.2356891669496,0.0,255.0,69.89291469792138,0.061582556723782995,-0.3740458015267175,0.4035087719298246,Sonneratia
6.803372976049964,1.874045995085287,102.85188,168.79152,208.16335,134.53398,299.872,456.6299,606.561,365.293,286.1028,341.6736,573.8667,283.01514,28.525383,42.003754,45.159637,44.25715,1.3391313925208606,0.8120300141330816,2.0526304986155273,59.26052777699185,0.0,255.0,69.64416549956617,0.03770863897139202,-0.48387096774193544,0.22727272727272727,Sonneratia
6.803744479044628,1.8750174407993687,102.98207,134.85173,208.67729,169.09943,300.2554,366.19797,608.1778,457.50476,286.5269,284.02505,576.6256,342.6348,28.711061,44.739075,47.73077,42.438564,1.3381492196142377,0.8409089953512505,2.3999984000010666,59.09033328381998,0.0,255.0,69.65171451778708,0.037733307093402425,-0.5277777777777779,0.24324324324324326,Sonneratia
6.736181101619836,1.849193678180617,102.90469,109.16985,107.487274,95.59271,298.50052,292.71478,311.35355,255.14456,273.67694,204.90506,281.86017,174.29837,17.153236,16.341768,12.969575,13.890346,1.2157211323485242,0.6814814310013755,1.6730766013314227,93.94698256272873,0.0,255.0,49.44266311064335,-0.16437957563646255,-0.648854961832061,0.13513513513513514,Sonneratia
6.948789857132689,1.870706712320173,46.782684,80.02019,116.39648,78.67198,135.59383,213.58894,338.2354,210.6858,124.0009,146.2609,314.17828,147.41309,9.146167,12.539188,22.488462,13.72001,1.3766542138502031,0.720588129325275,2.9999966666703703,82.44989344731856,0.0,255.0,69.29185035032829,0.035106770357268544,-0.46428571428571436,0.5,Sonneratia
7.07538491301919,1.869527940919374,44.031723,74.94059,108.39251,73.28564,127.66059,199.98601,314.89853,196.1894,116.96287,136.4501,291.88895,136.66895,8.570071,10.961121,20.184313,11.970555,1.3835237909521145,0.7272723966943652,2.5384595858003185,82.27580223942272,0.0,255.0,70.24088607216338,0.04079188631594552,-0.5087719298245614,0.5208333333333333,Sonneratia
7.070713113430685,1.8385551828937134,46.364445,49.441414,54.01847,48.24692,134.66266,132.56244,156.78964,129.34355,125.85525,96.042656,145.65982,93.74024,14.000383,14.693585,15.016646,14.535791,1.25737118660783,0.6399998720000255,1.9268287983344392,133.91376335681682,0.0,255.0,35.97888874349253,-0.31349359929050213,-0.7029702970297029,0.01345291479820623,Sonneratia
7.029868327018302,1.8404784126810587,43.167835,50.32494,59.8585,49.950436,125.45834,135.02562,173.78807,134.05103,117.99593,98.32495,161.85912,97.845726,14.321721,15.29707,17.264315,15.46133,1.2516222776829686,0.6326529321116464,1.8461533727811863,135.39668684925306,0.0,255.0,35.528647306945075,-0.3091495319709831,-0.7608695652173912,0.013333333333333286,Sonneratia
7.032027447666415,1.8796046789521053,75.807884,60.773502,79.694336,90.694595,220.39235,163.59698,231.55074,244.13858,207.28625,122.604904,216.44655,179.704,23.387117,22.15143,22.182985,25.664171,1.2765598511811318,0.5921052242036037,1.9999992857145408,120.94681882592047,0.0,255.0,39.644993374641615,-0.3470918282186374,-1.0,-0.01680672268907563,Sonneratia
6.704063583536999,1.8075453729956517,69.77913,74.60107,62.880417,54.717205,202.8283,201.58278,183.36603,148.12306,191.18178,154.72356,178.87912,117.05774,24.256372,29.848356,33.87128,27.4888,1.3030113248956245,0.6818180268595393,1.8431368935025698,119.13645289925377,0.0,255.0,40.67274545584799,-0.32655222096711817,-0.9245283018867925,-0.01818181818181818,Sonneratia
7.008992396125594,1.8713328262355433,80.32748,91.44943,81.702,66.35522,233.4665,246.07745,237.50632,178.57039,219.10959,181.03722,223.3497,133.3417,24.31265,26.477602,25.604143,23.557356,1.2719190425049298,0.6134968948774912,1.8571423265307636,121.6636286687038,0.0,255.0,39.68920054794779,-0.3476887425687421,-1.0,-0.021834061135371164,Sonneratia
6.726391258977731,1.8052162207619022,71.03401,73.18242,60.12524,54.668736,206.38435,197.51936,175.1827,147.84889,192.99931,148.72191,168.6061,114.1732,20.210928,23.934221,25.974443,21.8918,1.2999001447486596,0.7083331857639196,1.7321425478316879,118.70054485111024,0.0,255.0,40.549113942447086,-0.3259469661029163,-1.0,-0.03174603174603169,Sonneratia
6.913476945762884,1.816902068245456,67.323296,95.15607,99.045296,67.02702,196.1401,257.17926,287.91586,180.99022,187.46155,193.19196,268.45074,136.67953,23.682919,27.092632,21.095139,21.907625,1.2807204594802863,0.6923076162299323,1.8599996280000743,114.58080562156488,0.0,255.0,40.5852693099555,-0.30323148834803104,-1.0,0.025936599423631114,Sonneratia
6.7418365959158555,1.891406235527638,82.937935,96.80774,103.81934,84.93705,240.56735,259.18518,300.99167,227.3217,221.71075,182.79362,275.5661,160.7758,19.227339,20.583994,19.57066,19.68006,1.2252435589384139,0.7142855102041399,1.8048776085664369,91.08491422400785,0.0,255.0,41.83508221574619,-0.19611994187336948,-0.8666666666666668,0.02304147465437786,Sonneratia
6.956750386649527,1.8373764730927569,65.94272,64.99116,96.14564,92.99768,191.97685,175.16788,279.44894,251.37434,182.42923,131.49576,260.7547,189.79251,22.034515,22.188986,22.267801,28.583048,1.271805128596803,0.574257368885409,1.8823525720877308,112.87158151548589,0.0,255.0,40.16883965453825,-0.30013182813600076,-1.0,0.13157894736842102,Sonneratia
7.1047603051060815,1.8526791619488432,64.9335,92.72054,131.19713,98.10994,187.86475,246.52148,379.71353,262.75992,168.7109,163.0446,341.17838,182.90645,7.445365,9.242742,12.466324,14.585038,1.4338626035898454,0.6311474892502058,2.2812492871095977,85.62368209206952,0.0,255.0,73.02539774195488,0.0610736564879269,-0.4117647058823529,0.2967032967032967,Sonneratia
6.725052608655297,1.891376774439823,82.15184,85.00946,104.31138,96.436584,238.27428,227.34401,302.32156,258.14185,219.35457,159.67715,275.7485,181.60669,18.29781,18.566563,17.507814,19.927223,1.2255208098410544,0.6741572654967828,1.7826083081286286,90.7757973418402,0.0,255.0,42.17910512864041,-0.19157856689945862,-0.7606837606837605,0.029411764705882318,Sonneratia
7.02992572158082,1.8163252357949764,57.023037,81.459274,94.70558,66.34142,166.25722,219.70824,275.95007,179.34033,160.4255,164.45102,262.24457,137.19766,23.656227,25.657757,25.905418,24.433186,1.2888304563580353,0.5499999541666705,2.347825066163015,88.63717203297118,0.0,255.0,45.58869875367814,-0.17295959970226546,-1.0,0.15887850467289716,Sonneratia
7.0538506250507265,1.8660228251147648,31.374495,29.34206,32.889053,33.173893,90.951225,78.47923,95.29013,88.53909,83.18354,54.77997,86.82436,60.83009,5.7732544,5.4438777,5.889533,5.50573,1.2244476811801517,0.7529410878892837,1.703703388203076,98.01818275915608,0.0,255.0,40.61735289454509,-0.27210280701058265,-0.7222222222222222,0.04035874439461882,Sonneratia
6.9268819336042995,1.8729422068025439,64.86303,61.909878,68.83464,68.35585,188.99191,167.28879,200.68874,184.78505,181.21964,128.82108,193.42955,142.13274,24.927155,25.225676,27.759928,26.828207,1.260369713139719,0.5384613313610264,1.9629622359399126,114.45667375179191,0.0,255.0,45.391498262317036,-0.26650031387523077,-1.0,0.09424083769633504,Sonneratia
6.757392343294873,1.8948254588489333,56.963703,61.21418,61.50772,54.133484,165.3947,164.37643,178.4717,145.29141,154.34203,120.02309,165.54465,106.43714,17.46588,18.338741,17.33867,17.576519,1.2762514215659309,0.6346152625739879,1.866666251851944,116.97856307529803,0.0,255.0,40.75857612560359,-0.3247305114938924,-1.0,0.014705882352941124,Sonneratia
6.861014009459027,1.8831407157805244,42.27882,50.132812,46.84259,36.70121,122.98092,135.396,136.2916,98.90786,116.98167,103.60276,129.5225,76.12591,17.192337,19.31419,17.646158,16.889347,1.2707059441797903,0.49056594517623675,1.8055550540124847,114.57857003074544,0.0,255.0,40.65563904057266,-0.3299449550289127,-1.0,-0.025,Sonneratia
6.851138342862715,1.845868230746894,40.93432,31.149603,34.023624,41.816456,118.90121,83.982574,98.99287,112.08611,111.126465,63.941933,94.207695,81.19673,12.118937,12.37305,13.423975,12.538452,1.1957522625432535,0.6399997440001024,1.9629625994513704,111.66561804455259,0.0,255.0,34.24171712313264,-0.16581775960413597,-1.0,0.02608695652173916,Sonneratia
6.8385018007188165,1.8360833140073718,41.905537,41.692764,33.56539,31.769272,121.743324,111.6974,97.58867,85.62617,113.889244,80.64201,92.203476,64.94333,12.358602,12.394348,12.049227,12.300301,1.1986755824450384,0.6305732082437446,1.9629625994513704,110.51125456230194,0.0,255.0,34.5053444950581,-0.1670581996230651,-1.0,0.024390243902439053,Sonneratia
6.721327920507413,1.841714498739645,39.669834,50.15445,72.098495,58.587124,115.22312,134.2411,208.85956,156.62633,107.76344,95.701126,190.54163,110.20128,12.199146,13.191427,14.764848,13.64398,1.2632742345246784,0.6344085339345662,1.899999050000475,121.32559539808737,0.0,255.0,40.505330053663045,-0.3222223848053662,-0.8255813953488372,0.0967741935483871,Sonneratia
6.696212682472552,1.8490196727251145,45.81013,69.153725,86.096924,59.19133,133.01372,184.8166,249.36613,158.44855,123.80403,128.93391,226.50432,112.31266,12.550289,14.24001,14.386188,14.043431,1.2703808700709378,0.5890410151998609,2.473682908587943,124.3015793581183,0.0,255.0,40.512370970556056,-0.3341781873374743,-1.0,0.09090909090909093,Sonneratia
6.737207855275286,1.8713359154525055,60.52597,60.004234,56.026672,53.60325,176.29448,161.76567,163.06534,145.27596,167.36058,120.05162,154.34239,111.906105,17.348486,16.740799,17.090115,17.979145,1.6181121462734074,0.7359999411200047,2.8181805371906647,127.23614581050478,0.0,255.0,61.351544549151384,-0.04253130462350684,-0.40229885057471265,0.3658536585365854,Sonneratia
6.9260627383639415,1.8716133271423954,64.7359,61.64919,68.43398,68.1024,188.61812,166.54175,199.42732,184.0602,180.8092,127.96147,191.23236,141.30266,24.731739,24.816034,25.56982,26.425745,1.261082124976421,0.49999979166675346,1.9642850127553526,114.64397540365172,0.0,255.0,45.174984910215784,-0.26680393016186277,-1.0,0.09895833333333327,Sonneratia
7.142477231094409,1.8814020403921714,112.93401,82.52212,85.501785,110.852135,328.5955,220.89183,248.2745,300.39957,308.0007,155.37654,229.3568,228.07451,23.624254,16.67694,15.539395,30.510075,1.5271283241739797,0.5793650333837275,3.272724297523366,85.46243145316576,0.0,255.0,69.12993964352934,0.04851482159919131,-0.4805194805194805,0.4883720930232558,Sonneratia
7.001790634815368,1.8517213860060815,97.193855,114.744865,112.837585,89.688774,282.23013,307.1642,327.7401,241.14973,261.36676,214.488,303.25797,174.48073,20.356384,20.01046,20.445326,20.621529,1.5333857761597378,0.522387981733137,2.6499986750006626,85.38813537353083,0.0,255.0,69.77730492374474,0.05563435877870201,-0.33793103448275863,0.40229885057471265,Sonneratia
